Date,Open,High,Low,Close,Volume
2021-01-01 00:00:00,142.161928682277,151.9928172745,138.916717710192,141.923871653158,1577461
2021-01-02 00:00:00,147.229930516649,156.236511097278,142.553512791145,155.148448772538,2918538
2021-01-03 00:00:00,186.492832341012,188.399192445177,179.428062786979,185.343225519035,2740927
2021-01-04 00:00:00,173.681450284082,176.46441593848,164.659884776218,169.012355916368,4210826
2021-01-05 00:00:00,193.428154171286,197.869684539465,187.083218515849,187.269913330702,3550946
2021-01-06 00:00:00,176.170092935488,176.63887869336,168.000081346991,174.983220706333,168077
2021-01-07 00:00:00,177.331676962271,178.961711997623,171.053441361433,174.296179870303,3362525
2021-01-08 00:00:00,189.87212388102,198.089645170425,186.811980028602,193.61474874574,1457186
2021-01-09 00:00:00,177.817023838807,186.01367940228,173.593332027254,185.258911482982,4714131
2021-01-10 00:00:00,159.147127076918,167.728535076182,151.125844888656,161.684120589245,2878802
2021-01-11 00:00:00,141.752316584396,149.186183242785,141.302983496918,144.280587727439,1269587
2021-01-12 00:00:00,136.868126667578,143.962840316916,131.348944467335,135.022614657199,4511386
2021-01-13 00:00:00,135.003854989781,138.044873510121,128.21352093345,135.666912100415,4370786
2021-01-14 00:00:00,128.39366451748,133.621276227006,124.889366004667,132.530629382213,4102481
2021-01-15 00:00:00,105.804961168982,114.608230295511,98.8024896230101,104.616215681008,2508791
2021-01-16 00:00:00,191.456059071365,196.974964265758,184.404616265562,185.622662413296,1225632
2021-01-17 00:00:00,198.940124580225,199.884638024852,189.475237398477,197.056662254042,1392651
2021-01-18 00:00:00,165.304019891991,172.134678866044,156.133827824164,156.715938316303,3328109
2021-01-19 00:00:00,180.431077077432,187.102238475852,174.305186714461,184.449398653192,518140
2021-01-20 00:00:00,133.888883478513,141.334393383231,127.186478008752,130.76234837157,4963412
2021-01-21 00:00:00,169.414842720755,171.366601908832,160.509038343006,168.298571031952,390121
2021-01-22 00:00:00,101.13300815297,101.792803629374,96.6743966387033,99.3576344306479,2672808
2021-01-23 00:00:00,136.716389364992,142.540933552812,128.714264729074,134.246161315533,3303998
2021-01-24 00:00:00,103.383173411498,103.928589136477,103.228840790461,103.823751078358,4778550
2021-01-25 00:00:00,112.150512522244,115.191384998651,107.25638732609,108.935375006435,277990
2021-01-26 00:00:00,178.88145211407,180.168978566116,175.378475196685,179.890967941104,1492089
2021-01-27 00:00:00,140.433432323726,146.901644971418,139.016145681165,144.720062901512,2173648
2021-01-28 00:00:00,126.769370030337,132.183087926413,119.37575606085,132.154868014678,489989
2021-01-29 00:00:00,102.335084582229,111.534142322176,95.8408903731762,102.095703201233,4766318
2021-01-30 00:00:00,140.692650499979,141.761652923905,138.994028156486,140.811367551527,422098
2021-01-31 00:00:00,143.472185287225,144.427503188377,138.858095200716,144.421955675259,1339335
2021-02-01 00:00:00,192.265078398634,196.897132496152,189.173893328133,193.910410418424,470606
2021-02-02 00:00:00,172.259173621154,182.187009737291,171.724654028051,178.998432302219,2080987
2021-02-03 00:00:00,189.274474085922,195.58342665074,185.713667343886,186.490506060629,903681
2021-02-04 00:00:00,115.552101351892,120.443240981496,109.849788716396,112.659791200693,629948
2021-02-05 00:00:00,155.780285375207,163.991717368837,155.506387008329,160.513270105348,4156961
2021-02-06 00:00:00,121.27503456177,129.58008148534,116.141582930208,121.335411609285,3581457
2021-02-07 00:00:00,185.914851215999,195.362741883052,179.110978835748,181.098795191938,531414
2021-02-08 00:00:00,165.377287351029,174.355159278072,156.507216228341,162.060055549118,1685559
2021-02-09 00:00:00,131.064566102747,131.604889789755,121.158208000018,129.828532608958,4071541
2021-02-10 00:00:00,101.323330768596,107.410379354412,97.232300569912,103.2730590408,4310181
2021-02-11 00:00:00,129.834777866335,139.778394516862,128.419937137062,137.745545380341,4633946
2021-02-12 00:00:00,157.99911748074,165.550144040347,151.218369668849,153.208587424724,4141154
2021-02-13 00:00:00,111.107890905729,115.898887971624,106.509138094676,107.903995343845,1219792
2021-02-14 00:00:00,152.466984172472,160.643311647497,145.099398519949,157.850571957333,2734383
2021-02-15 00:00:00,196.992112020921,202.172223053734,189.004820202308,199.521363101922,3585873
2021-02-16 00:00:00,107.648652080495,108.497325713187,102.02871791599,102.915536571713,1927602
2021-02-17 00:00:00,121.625191845452,122.338065387773,112.036840646747,116.469096408117,3144101
2021-02-18 00:00:00,164.143758279383,168.658698968805,158.52832286704,164.072384793535,1462766
2021-02-19 00:00:00,145.84609851256,150.333750682106,145.520065101695,147.922351735096,312207
2021-02-20 00:00:00,188.047754177949,197.709814228808,187.595129706892,195.30186903665,534468
2021-02-21 00:00:00,134.918269622417,139.194223901248,130.865049112005,137.653694685435,1296438
2021-02-22 00:00:00,142.707584769622,146.118975137246,141.337057132349,142.68360508049,1963062
2021-02-23 00:00:00,176.907060418837,181.533228386078,171.556134790381,175.28557692017,3922870
2021-02-24 00:00:00,194.298954093713,196.449806630696,191.142743409638,194.444694646011,2102085
2021-02-25 00:00:00,127.94772334619,135.083131829143,120.362459916947,122.925689509675,1957679
2021-02-26 00:00:00,105.23100081096,110.543566878759,102.333929607727,106.287943320705,648244
2021-02-27 00:00:00,143.406872349684,147.773324178576,142.249409071823,143.793645098156,723795
2021-02-28 00:00:00,165.18862221659,165.865855201953,157.871760582524,162.424656370433,3062857
2021-03-01 00:00:00,113.002691521047,115.502945284371,111.547815495459,113.649117405388,4801069
2021-03-02 00:00:00,111.987057649142,120.337268203071,109.942778170327,112.231559593827,3038548
2021-03-03 00:00:00,114.821917973665,122.724981566174,111.447625098003,116.851327871445,3270419
2021-03-04 00:00:00,177.712285417991,182.689430780982,176.595003472842,181.679921725804,3095050
2021-03-05 00:00:00,166.051701639359,167.601107512481,161.702456899497,166.753218520581,659311
2021-03-06 00:00:00,133.668238714959,141.663126185801,131.58554507325,133.941083779992,4888111
2021-03-07 00:00:00,150.645117338167,159.385103333618,144.504222903911,153.153662860403,211631
2021-03-08 00:00:00,138.561568630197,147.801122310623,134.857758991628,143.940358054888,2254831
2021-03-09 00:00:00,186.713735968264,189.475080083177,184.835516964916,185.890032538798,3358302
2021-03-10 00:00:00,180.970815806638,190.225016814909,171.631850840334,187.457773061114,1202438
2021-03-11 00:00:00,169.877769929606,175.818297388927,161.534272096373,167.71130087195,4406991
2021-03-12 00:00:00,180.427276661914,183.80009118718,180.310052657203,181.7385320254,1126298
2021-03-13 00:00:00,121.317875642382,126.134214792878,112.021333338328,114.740293388031,2969256
2021-03-14 00:00:00,162.69826505212,162.85459262888,154.399588506467,158.937403511608,1925900
2021-03-15 00:00:00,108.674795541617,112.855161946119,101.978348984799,104.088339936444,3434397
2021-03-16 00:00:00,141.764197575152,147.748063705451,135.189622691403,146.631995682617,2208260
2021-03-17 00:00:00,172.217819959739,180.603631240348,172.18502765254,173.004599077585,1798017
2021-03-18 00:00:00,111.505625084277,121.326373074962,101.714544637136,103.72487160772,2985825
2021-03-19 00:00:00,167.584699388121,177.485236492987,163.23322437786,167.175071308919,1142743
2021-03-20 00:00:00,137.402684970598,145.98666068589,134.641487737847,141.087305371494,145829
2021-03-21 00:00:00,194.660965993798,195.064943074862,185.799453949378,187.886238611586,1842505
2021-03-22 00:00:00,153.943303639724,159.887491618022,148.318987963236,150.9732628234,2757048
2021-03-23 00:00:00,173.810346735338,179.750512220676,166.841185268982,168.158767543223,634145
2021-03-24 00:00:00,137.101553085597,138.642757270259,134.510274960814,134.63843354114,3443967
2021-03-25 00:00:00,137.603307539251,137.618553722796,135.212351112453,135.665724627801,927739
2021-03-26 00:00:00,121.25646908859,130.114951340434,120.526035457779,127.853603051361,1414986
2021-03-27 00:00:00,111.490555443352,115.268379898562,106.176935927108,112.387492653701,2073605
2021-03-28 00:00:00,166.45299801187,172.365929854446,160.157138860308,166.864576250239,3073588
2021-03-29 00:00:00,121.903565133834,131.251284442864,112.824014552018,127.966902936512,4712114
2021-03-30 00:00:00,106.070372437197,111.477865769627,101.770599186675,109.778484159758,1366691
2021-03-31 00:00:00,143.879358991777,151.363225003339,142.417227699212,150.85405622978,1375183
2021-04-01 00:00:00,133.348357230319,142.982375954077,132.906530564813,138.286571007145,1745558
2021-04-02 00:00:00,107.273442295424,107.418038782303,102.194074834535,102.524882125833,3427576
2021-04-03 00:00:00,138.677307958544,142.381139467668,130.636018497044,132.256770442043,3779020
2021-04-04 00:00:00,136.519608984983,142.174783139177,133.181861801966,139.550309624629,1047026
2021-04-05 00:00:00,199.823146648405,205.798597695717,197.329012403548,201.684321360823,684237
2021-04-06 00:00:00,101.780066690725,109.458541693913,98.6315247820908,99.0833679615443,2074295
2021-04-07 00:00:00,126.333595201054,135.128860413414,125.752239238808,135.114775355778,2962921
2021-04-08 00:00:00,190.0034470499,198.862503452474,186.811029425635,192.24816117788,4830167
2021-04-09 00:00:00,146.248771956368,146.89600718408,143.135899262643,143.17609402261,3817498
2021-04-10 00:00:00,139.594006516068,146.343165673934,139.279403604567,142.077376921755,2738773
2021-04-11 00:00:00,113.31905570829,116.766062577207,103.32186338161,109.525369459625,2842709
2021-04-12 00:00:00,156.190537794453,157.37281160283,146.546411791874,147.340803308316,4171156
2021-04-13 00:00:00,140.173892975158,148.936318404864,137.103325724243,148.280171420021,2498143
2021-04-14 00:00:00,152.184841187796,155.519917779777,151.918237295344,152.172822057401,3001490
2021-04-15 00:00:00,185.633954765436,185.822875499589,176.741254374635,183.173777065032,970974
2021-04-16 00:00:00,145.126000598131,151.711562879809,143.248447373288,149.957405821028,1907539
2021-04-17 00:00:00,182.083838239037,185.771390525971,181.46347105585,185.213090730071,1944251
2021-04-18 00:00:00,101.461395452681,102.926931630501,101.068097139673,101.38764730625,2980539
2021-04-19 00:00:00,174.604943477691,184.596640720603,173.333879402355,177.472641267818,3019535
2021-04-20 00:00:00,106.561923101737,108.557227306812,97.6491581025302,102.947951971318,445467
2021-04-21 00:00:00,193.479869602389,195.802797519115,184.945118151496,191.208532274097,4944096
2021-04-22 00:00:00,194.327425970034,194.36462714237,189.2885630759,191.460040186878,2356282
2021-04-23 00:00:00,196.132997268801,199.599621878812,193.524594870525,194.308384411138,4681898
2021-04-24 00:00:00,112.769056693677,117.964291739391,104.037609206837,112.864789100743,1713642
2021-04-25 00:00:00,184.502820375062,191.566748865492,176.990805370566,190.186270223924,4726342
2021-04-26 00:00:00,124.24018610232,127.757659095839,116.603565586414,122.635308859629,557263
2021-04-27 00:00:00,199.335750255415,199.391692746441,190.545833349309,193.710399729941,2355230
2021-04-28 00:00:00,119.562384758814,126.240650921273,110.313614536545,118.028074754439,3109191
2021-04-29 00:00:00,180.998517735632,186.923156791413,171.041913668446,179.403756183953,2840575
2021-04-30 00:00:00,137.85639402523,142.563712546012,132.849703312194,137.809702058932,675929
2021-05-01 00:00:00,170.529955049263,171.587526234705,162.547011246892,169.828132386298,1428558
2021-05-02 00:00:00,169.027170886086,175.289931114449,166.222565186499,173.501880868311,1378975
2021-05-03 00:00:00,118.900781300916,126.183604591166,111.303412519992,123.764951099967,2584626
2021-05-04 00:00:00,115.849619797254,120.578047282103,108.000872538166,119.645656528227,2020809
2021-05-05 00:00:00,160.9211007404,164.947830327696,160.297881383303,162.394796500684,619796
2021-05-06 00:00:00,142.245889994477,147.174496206741,135.57160038415,141.844908429297,1462813
2021-05-07 00:00:00,159.624794737745,166.12051512378,157.051448166579,160.234495189109,270694
2021-05-08 00:00:00,142.38971237861,148.852091461968,133.014051816241,143.852743282488,1604100
2021-05-09 00:00:00,147.317857505488,156.45497750549,142.277450456414,155.113889809862,4515611
2021-05-10 00:00:00,153.429243640657,154.148231269032,149.013907564725,153.09844143509,1581638
2021-05-11 00:00:00,158.706194796155,158.812305476452,152.24809306248,156.406430495816,3477993
2021-05-12 00:00:00,147.325687181231,153.590218286202,141.734368458243,145.977909777855,4430777
2021-05-13 00:00:00,144.484067614876,152.530820621999,139.219959582237,152.039386527855,2018102
2021-05-14 00:00:00,148.190959154565,153.262278260839,145.238315982726,145.682170784641,1181308
2021-05-15 00:00:00,190.00686182649,192.800768858101,181.751015446712,185.136254074869,801684
2021-05-16 00:00:00,114.418634675431,116.867427124402,106.35513745917,112.376779931416,4068135
2021-05-17 00:00:00,146.851260499289,147.416494832845,144.009326692313,145.347693815266,1641249
2021-05-18 00:00:00,152.026050148771,156.167442344291,148.061559416486,150.157101544087,1897977
2021-05-19 00:00:00,113.276941197167,113.526827690588,104.1889989308,108.39478846189,2091119
2021-05-20 00:00:00,188.964757222122,191.022149479857,184.777565751698,186.073366278709,1448282
2021-05-21 00:00:00,153.35389686048,158.439132090604,151.829561791033,157.795465617163,176036
2021-05-22 00:00:00,120.67458947029,120.703932597201,113.128842425359,113.989356246823,1154763
2021-05-23 00:00:00,106.971887867589,107.233054222356,100.996905663946,103.057462663337,4789013
2021-05-24 00:00:00,143.547692328211,152.321776800258,141.984715327138,145.96244443914,3823323
2021-05-25 00:00:00,109.406457142941,111.620134373738,108.562098553025,109.872196482837,1638248
2021-05-26 00:00:00,133.644362471631,139.429006054593,132.224797705573,138.475265780985,2283973
2021-05-27 00:00:00,188.998585819477,193.520192225115,182.151502800499,185.558860717524,3469741
2021-05-28 00:00:00,118.489822742827,124.066125227573,111.545575563731,122.238770489943,4142004
2021-05-29 00:00:00,109.65152452524,112.310745047843,101.468497040439,108.353096881029,1767607
2021-05-30 00:00:00,176.730616790377,176.973014170428,174.518430897614,176.596773043518,2529913
2021-05-31 00:00:00,193.322593428602,201.583048898415,192.60715950024,194.24872394555,4186349
2021-06-01 00:00:00,105.380942949244,113.288245085165,102.81441054082,105.757036243418,1248872
2021-06-02 00:00:00,165.956614976292,172.750345614798,156.290658070565,172.686343856724,2475874
2021-06-03 00:00:00,166.241268172948,173.695299745997,163.682165712821,166.608899685124,1413255
2021-06-04 00:00:00,148.343980218993,151.103906323129,140.884257813571,148.903864592169,2607625
2021-06-05 00:00:00,170.732561008323,174.670583248793,167.778498393392,169.234569395032,1861984
2021-06-06 00:00:00,136.159583482785,140.745573521938,131.608595456984,133.902692879402,1184398
2021-06-07 00:00:00,106.327387353671,112.000219630915,104.530394243655,108.799636648512,2000125
2021-06-08 00:00:00,164.939073039913,173.986153917271,160.788998541589,173.147197309213,1343625
2021-06-09 00:00:00,195.838595722803,204.688212651263,193.969035251514,204.328437317062,944005
2021-06-10 00:00:00,107.769078808579,116.71692920555,103.775567236629,114.177222511111,3217720
2021-06-11 00:00:00,172.603981918575,174.981363423148,166.931321469584,171.01084018341,3606475
2021-06-12 00:00:00,146.33502798966,147.393763405038,138.041611021684,142.770310521425,3484069
2021-06-13 00:00:00,165.272082801331,168.923626213076,162.160690313761,166.511527083856,869283
2021-06-14 00:00:00,117.282551779501,120.491840948245,108.141760911428,111.788284999517,2448423
2021-06-15 00:00:00,189.591194914675,198.293489623885,188.073244739687,192.161089334022,4652132
2021-06-16 00:00:00,194.060871157985,201.421992932011,186.278128939116,199.019874806298,4278848
2021-06-17 00:00:00,148.016804325088,153.92262162003,145.916592353502,147.568209648508,4198099
2021-06-18 00:00:00,165.332001630737,167.969334413137,164.043332754758,167.589981924517,1065750
2021-06-19 00:00:00,190.938729371689,199.973702922402,185.966503680677,192.477461518747,3601494
2021-06-20 00:00:00,153.045232752858,160.861980525033,152.61513379004,160.016279803947,4724639
2021-06-21 00:00:00,183.008023333275,188.37035911067,177.991575000102,185.363263570629,848341
2021-06-22 00:00:00,141.133427027691,149.67422505169,134.445934323993,146.57681390067,4554212
2021-06-23 00:00:00,136.359056971296,142.380595134472,130.117641496694,136.481759993646,4918189
2021-06-24 00:00:00,164.227986230303,171.893328559445,161.264177446978,163.747194321946,1183986
2021-06-25 00:00:00,146.806811292424,151.935024766139,137.583111037933,139.095990760885,1310179
2021-06-26 00:00:00,141.440583118833,147.412078802639,139.825418871299,147.269548124277,765736
2021-06-27 00:00:00,181.173731784934,185.512796511363,174.423975774634,179.142526999487,4597949
2021-06-28 00:00:00,102.144260699088,105.919479251031,96.6688335269981,96.7978243873652,279627
2021-06-29 00:00:00,197.843957770937,200.284382016237,188.142899055031,195.55929013819,2665445
2021-06-30 00:00:00,148.44158881471,148.712221599306,140.277585844868,144.931664286305,1594243
2021-07-01 00:00:00,177.530654996295,183.374515375566,172.298471290756,175.624075787843,2422036
2021-07-02 00:00:00,131.40784338349,136.97046027396,127.747743425987,135.374251633844,3607351
2021-07-03 00:00:00,142.288059729942,149.239784788211,138.007214193427,139.448162954568,2147728
2021-07-04 00:00:00,126.550573261525,130.343431369273,126.126870018117,129.791218978986,2467865
2021-07-05 00:00:00,148.518239915427,155.109371827609,146.373559571906,153.19794651929,4351685
2021-07-06 00:00:00,173.687542830818,177.999478903717,166.003126376585,175.810983811749,849019
2021-07-07 00:00:00,114.551946210705,123.38105687921,111.733253390583,121.644289498919,2071004
2021-07-08 00:00:00,174.108645913727,181.282123179748,168.451341566536,179.711660120441,4124447
2021-07-09 00:00:00,131.456490664672,136.411816734687,121.669318908785,125.86743877657,1528152
2021-07-10 00:00:00,131.996191561574,140.062706481596,127.417855845349,139.248162484509,3575473
2021-07-11 00:00:00,149.659733901755,151.04905648685,140.105391406728,142.020460154396,933752
2021-07-12 00:00:00,128.315342492928,130.815770260609,124.346626631463,126.086537207933,3242119
2021-07-13 00:00:00,118.531951528311,127.438577508179,110.165708753981,122.807635023311,2032884
2021-07-14 00:00:00,180.170730062053,186.596727866621,179.033311318495,186.309190371068,1617054
2021-07-15 00:00:00,168.390140894233,174.270965105352,163.913010996241,164.409635718788,4885051
2021-07-16 00:00:00,134.838416196373,141.393732927703,134.554842767962,136.045393831263,1023385
2021-07-17 00:00:00,123.250224046328,130.523578026986,121.4073249704,128.489620683219,3570866
2021-07-18 00:00:00,119.595167134317,127.284055550146,111.966983067272,116.789114295074,4557032
2021-07-19 00:00:00,182.005320791582,189.877095442629,175.36778425232,178.302600059679,4982686
2021-07-20 00:00:00,186.859597820976,193.455380020164,178.876224904352,190.740061319511,3909745
2021-07-21 00:00:00,176.530441408503,182.539546561486,176.383191956084,177.77901965795,4870734
2021-07-22 00:00:00,195.802354705487,204.359869181243,187.995191595013,200.130297663984,3103429
2021-07-23 00:00:00,169.550760996642,179.411468706742,166.561565650869,168.077254300945,3908684
2021-07-24 00:00:00,133.878393255857,134.136918552809,133.855698939851,133.930896320014,383139
2021-07-25 00:00:00,142.570729183714,143.820987491035,138.888511718718,140.975115741913,3674760
2021-07-26 00:00:00,108.528111628227,114.253214903393,101.936556588201,110.031947214489,811039
2021-07-27 00:00:00,140.184943721077,145.82514991764,139.886275095327,145.402651731931,1849214
2021-07-28 00:00:00,158.9182577636,160.36847717738,155.135319541506,156.324975312699,2975509
2021-07-29 00:00:00,172.819931608914,181.106552659054,164.729948687856,170.00528814281,3147108
2021-07-30 00:00:00,192.879019250142,199.29351583187,185.604401680041,185.728226577723,1773852
2021-07-31 00:00:00,109.477108725254,118.207515668263,109.013673265724,115.926318574328,2872572
2021-08-01 00:00:00,194.337522926264,199.026825878716,187.133561458331,193.752543172436,2299574
2021-08-02 00:00:00,145.607100691932,154.281052092122,139.397937723555,153.053180083303,562440
2021-08-03 00:00:00,148.896178567104,154.187411722785,139.396263953624,150.209758169512,4849917
2021-08-04 00:00:00,120.095136093862,126.021122840108,113.795642940951,125.852489845418,1536338
2021-08-05 00:00:00,179.945482604433,185.954336355601,176.87058967615,184.72299197437,4726802
2021-08-06 00:00:00,138.912440768012,143.048649835323,135.050975935851,136.63048609795,1240547
2021-08-07 00:00:00,101.576611049607,105.96744961294,98.4292165503195,100.075368683117,1786790
2021-08-08 00:00:00,168.211943316946,168.626492073266,160.272588350457,160.458474124076,2617696
2021-08-09 00:00:00,178.594472789624,187.435822058171,170.040138543523,182.339962355015,2637227
2021-08-10 00:00:00,184.684060169293,184.767887075182,175.50791266485,176.177672049451,3878044
2021-08-11 00:00:00,184.744974187742,194.471595024447,180.523349907224,190.040562194753,342750
2021-08-12 00:00:00,161.076978411691,165.497605070209,153.244453448786,156.319947415138,4149314
2021-08-13 00:00:00,109.459562315238,118.892862019907,108.606602791809,115.355900953302,3938523
2021-08-14 00:00:00,185.983777327261,188.9891268644,180.994817031731,181.426060191174,211340
2021-08-15 00:00:00,147.840447325894,148.292325041362,138.170155346486,144.385866493445,1935633
2021-08-16 00:00:00,192.593121742927,195.831651893769,192.558704805153,195.714632756961,3399742
2021-08-17 00:00:00,170.499020420168,174.057106618118,161.41851854044,167.124494041079,2946260
2021-08-18 00:00:00,189.037917653896,189.128698918301,186.017596091663,187.645682868438,1175259
2021-08-19 00:00:00,156.591569166018,159.258761648069,147.279178831768,155.96230521115,3108840
2021-08-20 00:00:00,197.67794893534,200.899702158752,191.606215800159,192.545209374584,1155609
2021-08-21 00:00:00,109.772091651519,115.445328158561,104.53964927558,112.561707879154,4785415
2021-08-22 00:00:00,172.550360076027,181.120051237298,168.970999593273,178.468578136104,1428527
2021-08-23 00:00:00,184.97866110936,188.449739531248,175.144984593041,186.633254673964,2049137
2021-08-24 00:00:00,155.816271231726,159.555699658761,146.493670873545,156.415397492226,275361
2021-08-25 00:00:00,165.799018900109,171.886754885158,159.004561553689,161.522445639396,177607
2021-08-26 00:00:00,151.750206788831,154.25560744695,147.232942640465,153.640054265195,2389459
2021-08-27 00:00:00,133.594811649523,133.898353455348,129.052395645305,132.965293274064,1275931
2021-08-28 00:00:00,103.118033664166,104.629114119629,98.1873539888786,101.94622720344,1413362
2021-08-29 00:00:00,121.204204158922,127.703084267652,117.09303535141,117.813445017444,1286486
2021-08-30 00:00:00,155.136514800739,155.625944438227,148.440296714195,152.190365919754,2992890
2021-08-31 00:00:00,107.801096255681,113.075974394091,101.415558240183,102.996750855618,4022901
2021-09-01 00:00:00,188.38187588099,198.240693622811,187.965288929667,190.425372341945,2054563
2021-09-02 00:00:00,181.386369212961,187.606833829362,180.000911495845,186.494146784044,4704086
2021-09-03 00:00:00,117.860122149832,125.665521873536,116.441977424549,125.335630370161,3114932
2021-09-04 00:00:00,171.511258681986,174.027269830814,171.501505621306,171.983945999711,548793
2021-09-05 00:00:00,158.660584886273,159.583737597442,152.701034069367,154.275044169716,468206
2021-09-06 00:00:00,168.691000621406,173.310855142998,165.55445433194,171.774775844689,2508481
2021-09-07 00:00:00,138.744697653841,144.3047269443,130.862581289554,132.021807259417,2308894
2021-09-08 00:00:00,130.698965400316,140.291924459549,129.564965139284,130.478752847112,3136681
2021-09-09 00:00:00,118.546395300588,124.861243341917,113.459330685346,119.692422409811,3630806
2021-09-10 00:00:00,168.90040910091,171.162224754296,162.955343399381,166.535400552365,760854
2021-09-11 00:00:00,162.804479628962,168.517917274736,159.916893255671,162.716397882118,4985122
2021-09-12 00:00:00,184.488706780903,191.148136996454,180.380038841441,182.571032660411,717156
2021-09-13 00:00:00,188.949814845053,198.203818540183,185.076002651699,188.350701078286,2614503
2021-09-14 00:00:00,123.723275784486,129.278484855557,118.248509515975,124.180590906984,1372644
2021-09-15 00:00:00,133.187419179729,133.597836151666,131.247091502849,132.153692841643,3180733
2021-09-16 00:00:00,148.987097420006,150.972477854005,142.103551474245,144.563355749337,3295215
2021-09-17 00:00:00,146.134464227384,154.365752472759,136.184779456365,152.86922047011,2161477
2021-09-18 00:00:00,145.690096039071,152.928355089855,145.042901492894,147.372702285478,3404020
2021-09-19 00:00:00,183.724873227573,191.697204308888,176.193806879608,177.208506665904,4685782
2021-09-20 00:00:00,195.06206958228,197.514356954784,192.278566675529,193.024059664584,1912404
2021-09-21 00:00:00,107.601846811735,112.605008759938,103.705124952744,106.706420921053,4706219
2021-09-22 00:00:00,185.054263565424,193.086936389249,183.208889985431,192.878641432108,2507760
2021-09-23 00:00:00,158.082144223134,165.467906251614,151.111996920704,151.433559686786,4158746
2021-09-24 00:00:00,168.84454878222,174.213274931957,168.439273233213,172.658018956467,4523385
2021-09-25 00:00:00,123.306112362535,127.976314316596,116.135548626748,120.081677350914,112155
2021-09-26 00:00:00,100.902332036683,101.252187336852,98.7959371171202,100.490987732595,3655326
2021-09-27 00:00:00,142.199651463621,149.678711586537,136.59620555975,139.037075025503,3201476
2021-09-28 00:00:00,122.616122925856,130.800770228314,114.359827195003,114.413120429548,1299884
2021-09-29 00:00:00,119.143818787324,123.996702681717,114.419658860616,119.671509877796,3603181
2021-09-30 00:00:00,108.105511417392,113.737908031575,106.885666258435,110.290408939481,2575127
2021-10-01 00:00:00,130.658306584014,140.401984391256,124.428293888761,138.086929484068,1830673
2021-10-02 00:00:00,141.267248732231,141.959199896967,137.655406344002,139.941749422261,1058614
2021-10-03 00:00:00,111.798240805359,114.908754066062,111.702638351017,114.898470054494,952601
2021-10-04 00:00:00,139.5068327601,147.944146978854,137.710850667099,142.926780610747,2159043
2021-10-05 00:00:00,104.441892066893,104.648456224457,102.768586273922,103.521196832509,459063
2021-10-06 00:00:00,130.108922405345,132.547524961495,128.857923337746,131.77759957803,3546484
2021-10-07 00:00:00,127.624456019181,135.290588464258,123.808719813078,129.871999556071,3049433
2021-10-08 00:00:00,142.613290844249,146.953792073994,140.608587811399,144.126181275126,1042573
2021-10-09 00:00:00,164.741905302106,173.253867329757,155.269301947338,172.069419985251,2259031
2021-10-10 00:00:00,122.221286045979,125.447366813201,116.358155509335,119.462785721268,4594201
2021-10-11 00:00:00,180.522971055252,185.859013998843,176.985976390568,184.125528506804,3357720
2021-10-12 00:00:00,107.347929246648,112.783602045295,103.532210138174,112.692486764337,2955791
2021-10-13 00:00:00,150.049693018496,155.1827086683,142.32676573696,150.00795393559,521537
2021-10-14 00:00:00,148.105760400963,151.70430960464,144.161997505235,145.109445188225,1644925
2021-10-15 00:00:00,134.068559188858,140.506185058852,127.482850381908,134.860787727792,3876052
2021-10-16 00:00:00,197.433962156648,204.397644589881,190.79503622967,192.699908989667,2403393
2021-10-17 00:00:00,180.305859705124,187.88213204446,180.128056786282,181.667615472434,3272505
2021-10-18 00:00:00,126.406442809753,128.661240427119,125.353829113785,127.21904224393,1229059
2021-10-19 00:00:00,120.102662182461,124.670377902977,115.285786349188,117.214739269216,3341989
2021-10-20 00:00:00,146.349961163404,149.514423150752,144.162528843941,145.520815829319,3660026
2021-10-21 00:00:00,194.28107355695,195.067906984481,186.741904906882,187.989505419367,3820733
2021-10-22 00:00:00,151.202252649049,160.767324600854,141.905878668111,159.053624622987,4819983
2021-10-23 00:00:00,111.854179334263,114.807025723015,102.14166147047,105.030038697327,1288581
2021-10-24 00:00:00,151.749696772453,157.93760988104,141.899626632774,153.964332435577,468935
2021-10-25 00:00:00,144.20574746606,150.62025432328,139.591496315397,140.269863579352,2555963
2021-10-26 00:00:00,102.650632857639,105.78849625123,95.2292196079908,97.1960557799186,4053687
2021-10-27 00:00:00,171.537604527358,177.298303517331,169.085251831678,169.283323170934,658263
2021-10-28 00:00:00,125.845962583261,134.318495209863,120.440036598133,128.940359883392,1232206
2021-10-29 00:00:00,172.276104534303,175.529287468148,165.24207605985,166.668578826852,2150878
2021-10-30 00:00:00,172.316825468559,181.192722233813,163.820504506305,170.1383867853,721322
2021-10-31 00:00:00,103.418763310974,103.436094198861,98.1189409371725,98.2753500167466,3253807
2021-11-01 00:00:00,137.92464397483,139.135845119153,135.752359891942,139.130782157683,139233
2021-11-02 00:00:00,140.135005840638,143.144934865607,138.289691565937,142.483877622758,4998442
2021-11-03 00:00:00,181.537006694546,188.188049003576,174.082876194244,182.006565594919,1938013
2021-11-04 00:00:00,112.230961218368,115.846234545464,105.091527370637,107.481763390263,4054491
2021-11-05 00:00:00,106.4777319433,108.35543193296,102.587938713089,107.475502229195,2518229
2021-11-06 00:00:00,190.544392236286,192.112306632931,181.458897634917,188.770569723074,3002974
2021-11-07 00:00:00,112.612471895654,117.439016808281,105.391031018629,107.805686870438,3383521
2021-11-08 00:00:00,195.117046129712,197.762370420233,186.321830459912,188.979079871959,671666
2021-11-09 00:00:00,155.680213432537,165.439568257157,147.590347678228,157.686253323773,2292999
2021-11-10 00:00:00,198.578501153718,207.077730493719,192.529093847947,200.389299288771,3950712
2021-11-11 00:00:00,188.324531964608,191.834844228526,179.659224632511,182.782102471464,2815207
2021-11-12 00:00:00,137.487629491542,139.82501196543,129.939726158728,131.746462864856,2510862
2021-11-13 00:00:00,120.548698359847,123.033125870964,114.355686686442,118.22736843372,3541196
2021-11-14 00:00:00,181.897302134406,184.965435226,179.569891217765,181.456626042902,792625
2021-11-15 00:00:00,147.15372132339,148.365736832682,140.708837840879,140.929601489886,649475
2021-11-16 00:00:00,133.883936545962,136.436930769133,128.028087810798,134.002353864895,1255845
2021-11-17 00:00:00,125.049889513071,132.802693738203,123.114519298147,125.328875126812,3429348
2021-11-18 00:00:00,152.386506830656,154.465750545679,146.487338983595,150.99086175394,4798910
2021-11-19 00:00:00,181.440481203283,190.834455782597,177.522941048703,182.303444520972,4424274
2021-11-20 00:00:00,135.226503168245,143.849901713985,134.606260202328,135.25658417793,462320
2021-11-21 00:00:00,138.751645414141,147.142356623849,138.668212346952,143.231734047471,1401902
2021-11-22 00:00:00,127.451016825744,133.926354644843,119.249799642126,125.414395996544,1272120
2021-11-23 00:00:00,133.616735949699,136.879899566295,127.470319898325,131.118157314778,1537512
2021-11-24 00:00:00,112.17506557544,112.921252193565,110.264419611176,112.011497073437,312021
2021-11-25 00:00:00,155.512116726324,165.155174923065,154.019259158545,164.714443704316,2595132
2021-11-26 00:00:00,153.455289266647,156.556849139946,150.074249643798,153.578586064939,3550947
2021-11-27 00:00:00,115.909646142361,121.88922877683,113.711678135099,120.905558579476,739855
2021-11-28 00:00:00,164.973178444552,171.25704061556,155.875388365223,161.452303403933,4669246
2021-11-29 00:00:00,193.776601213054,195.80770432753,186.204771346319,193.813348404615,4035170
2021-11-30 00:00:00,112.597495884646,115.243394534803,107.159478869041,111.762064818003,539718
2021-12-01 00:00:00,183.464515479445,186.912461310273,176.904072446239,183.511524563184,683207
2021-12-02 00:00:00,126.822060363499,131.956381776939,123.460711698494,128.582028661352,4486024
2021-12-03 00:00:00,184.424655949759,191.920472209692,174.693140477219,181.827106725272,1389000
2021-12-04 00:00:00,144.052904098714,147.840434962685,136.107840133872,145.852347877856,2772829
2021-12-05 00:00:00,101.004863344752,108.542804648954,97.7040179996426,105.178041230963,3187642
2021-12-06 00:00:00,161.019029533156,162.553763558153,155.224834381719,155.670872667767,2919067
2021-12-07 00:00:00,104.752506843767,112.448279512878,95.077427012846,104.924920392844,1374235
2021-12-08 00:00:00,100.832916402938,106.195580733841,95.803887090417,101.938807867388,2402310
2021-12-09 00:00:00,195.255706642268,203.612439469219,186.198240573758,189.62867707633,188109
2021-12-10 00:00:00,156.443664211808,164.475368123467,156.40155644402,162.364665917458,1200456
2021-12-11 00:00:00,167.642817222641,175.525569368679,164.644460115056,175.05764101223,4154449
2021-12-12 00:00:00,127.714992601204,131.646050283257,124.509717509992,128.271888613055,1450442
2021-12-13 00:00:00,195.977581495742,198.495753728462,187.85597817766,191.416515901226,1581174
2021-12-14 00:00:00,158.191417415575,162.329258762115,150.584523103676,155.233128887111,4842602
2021-12-15 00:00:00,130.674606982798,137.748328887313,126.521700548755,131.415385126297,4611101
2021-12-16 00:00:00,102.830737665291,107.141568165261,99.3852397963744,105.742659919594,3404825
2021-12-17 00:00:00,170.849201696058,176.016117840495,162.517891587702,172.972475899853,3955482
2021-12-18 00:00:00,194.207499885158,204.144935640929,191.215019390067,200.772061583223,3837195
2021-12-19 00:00:00,185.871355647235,186.915478673556,178.188627776071,183.796827851925,1313082
2021-12-20 00:00:00,128.118582398546,132.547122756871,128.045714590159,128.607917605215,1528600
2021-12-21 00:00:00,102.527525019375,103.855067263396,97.7990802956084,101.275391433229,3711586
2021-12-22 00:00:00,174.277848193308,184.274145925855,173.532156392164,175.933239039317,504962
2021-12-23 00:00:00,119.818776339817,121.338755351888,112.571748690409,119.322880270922,833150
2021-12-24 00:00:00,113.476028771843,114.845089044485,107.273058459499,112.980808577481,884670
2021-12-25 00:00:00,168.654743272612,177.18806497877,167.738130890738,172.099564087417,837942
2021-12-26 00:00:00,115.502861689079,119.229315614026,108.261484167448,114.265959384343,1787179
2021-12-27 00:00:00,104.961846766045,108.446257864739,102.365386171684,102.820141259817,3966134
2021-12-28 00:00:00,155.427338881137,156.407941003207,151.990799493127,153.330409039122,2441062
2021-12-29 00:00:00,133.986385841806,142.207054667459,132.095924514829,132.1368467647,4549703
2021-12-30 00:00:00,162.958540472532,171.3251327379,155.728545412002,161.375181073216,527608
2021-12-31 00:00:00,111.824991240659,113.498771137978,101.851290242123,107.801085898403,4052532
2022-01-01 00:00:00,181.507392291325,181.806529660545,180.152642381276,180.237454041437,589936
2022-01-02 00:00:00,168.93980851806,171.092292179834,167.926352263411,169.496176961124,2703744
2022-01-03 00:00:00,113.435833611335,122.139489222088,104.326717921934,106.415316579569,1448137
2022-01-04 00:00:00,163.210200675337,170.196706212885,153.454323558203,169.056466281931,1386515
2022-01-05 00:00:00,117.280680128973,126.45900203166,113.408036934295,125.181488335116,3348573
2022-01-06 00:00:00,108.393123401454,115.052281688913,100.567782540005,104.537104368892,3264345
2022-01-07 00:00:00,128.097012621678,130.369586583996,121.460939592483,127.866968103914,3931326
2022-01-08 00:00:00,163.148512460672,163.461380465811,160.167119969612,161.991788650528,4732534
2022-01-09 00:00:00,180.842250208587,188.55898389688,176.025568859608,185.943488620349,4547036
2022-01-10 00:00:00,199.92441952636,200.164575794788,192.425573131143,197.096015319579,3178175
2022-01-11 00:00:00,159.359090512196,159.901320805137,154.928843513253,156.641056194052,204088
2022-01-12 00:00:00,166.627634814067,168.263627257224,156.723559720723,161.404631384677,4578512
2022-01-13 00:00:00,184.982769940287,190.813151106744,177.89064177754,188.737714351749,1036998
2022-01-14 00:00:00,109.586362433294,115.96553063139,100.706975316521,105.799122036027,1051430
2022-01-15 00:00:00,185.218189372481,185.266817576491,180.899517886247,181.727512297303,2072452
2022-01-16 00:00:00,116.37007846554,124.050779875083,107.901515060929,123.765991076515,730444
2022-01-17 00:00:00,113.206688686308,121.292395125472,112.137662471519,117.847214700952,2503609
2022-01-18 00:00:00,101.065755001071,103.265964826747,92.2093036460276,99.9200673378414,2948264
2022-01-19 00:00:00,198.653616068941,204.570459355524,193.666313585345,194.730044803826,3332385
2022-01-20 00:00:00,193.535300469781,202.030072622513,193.46843624773,198.686483032302,2590036
2022-01-21 00:00:00,192.474886843024,194.636946343141,192.460253581172,193.631051187424,242431
2022-01-22 00:00:00,141.485008569228,145.53995652466,132.239796296818,143.869331373791,4342281
2022-01-23 00:00:00,168.674190923595,175.039848250778,168.035930885736,171.949615057232,3372225
2022-01-24 00:00:00,127.715635381919,133.671985215465,122.817864222695,133.136736785452,4772713
2022-01-25 00:00:00,195.004522943507,196.96788713577,189.513284415711,194.201776056546,1708496
2022-01-26 00:00:00,101.655717059388,110.274789918097,97.8040261713636,109.314408229852,1950401
2022-01-27 00:00:00,103.315957201559,109.742541697162,99.0823494200515,108.088381455919,1985976
2022-01-28 00:00:00,186.84270093802,187.293382635709,177.224185667953,181.493387431181,3583250
2022-01-29 00:00:00,187.741879382116,195.350823819913,180.145685124756,182.48390069284,4252368
2022-01-30 00:00:00,172.174544040732,178.067838439519,168.785607598024,177.608131933889,2798266
2022-01-31 00:00:00,129.064973074076,132.844610893583,119.175765189727,123.162575897265,1769978
2022-02-01 00:00:00,105.54667074413,111.429872599801,95.6277536227721,110.305844052319,2398991
2022-02-02 00:00:00,158.603022470473,163.217466535367,152.776686219943,158.862480244109,3952435
2022-02-03 00:00:00,136.4628926852,138.589753692337,129.404718883432,132.662727146732,2101960
2022-02-04 00:00:00,170.818433373919,180.494875937753,167.046037502678,176.857195473792,4550139
2022-02-05 00:00:00,120.256622164171,120.750382615179,116.064790654439,118.226291084133,1392371
2022-02-06 00:00:00,133.147362897397,137.138194391345,131.147465212857,132.642416174592,1440319
2022-02-07 00:00:00,100.790258333336,105.419978151392,93.3790819948318,101.215470138144,3667523
2022-02-08 00:00:00,131.682399662045,136.279449422367,126.487578561791,132.610382617596,4141415
2022-02-09 00:00:00,150.9203657827,153.547854895781,144.22003250702,147.852774042144,3525779
2022-02-10 00:00:00,132.00581808831,135.752100164859,122.848761141482,130.748262970425,3530459
2022-02-11 00:00:00,132.151488138598,140.468788776618,131.999957161388,137.422605444315,4710792
2022-02-12 00:00:00,161.216618154127,165.657749602156,154.470368808358,164.811187234526,4461000
2022-02-13 00:00:00,193.972619900409,200.929994205022,184.718426404016,192.231585958426,3602982
2022-02-14 00:00:00,110.672755844642,112.633252209631,105.187074892564,107.326325378555,2071142
2022-02-15 00:00:00,153.438687193553,158.249235592101,151.290695247229,155.475271687113,3830605
2022-02-16 00:00:00,143.089176522751,146.61480234888,134.027136310173,140.548025102972,3567294
2022-02-17 00:00:00,175.641320213883,184.283290243429,173.41267123727,179.759512040459,4349210
2022-02-18 00:00:00,113.806332538059,123.676883012725,111.225726015433,117.386428058483,1003290
2022-02-19 00:00:00,175.051104093301,178.853050970253,173.897298632581,176.381546571967,3253981
2022-02-20 00:00:00,184.430497371051,186.432492601758,182.521190018058,185.060022074228,1369770
2022-02-21 00:00:00,181.40669712711,191.169293359192,172.868383216305,188.232686631152,2907237
2022-02-22 00:00:00,198.716142080496,206.512762389803,188.993286317403,198.369812927066,1934365
2022-02-23 00:00:00,188.668531261627,194.970299681435,181.82932654285,189.274489646285,2194207
2022-02-24 00:00:00,141.670714460223,150.366242891108,139.044825605988,145.40894732877,696958
2022-02-25 00:00:00,180.937874589285,189.981121702745,179.703477786633,186.616284116267,2429905
2022-02-26 00:00:00,156.340081666878,159.676494102182,147.751834500909,154.573310413075,2705964
2022-02-27 00:00:00,122.970198903045,128.613562364001,113.297685345709,124.100366218591,517800
2022-02-28 00:00:00,123.556865012322,133.234563169816,117.55315717102,121.534324766947,3104869
2022-03-01 00:00:00,144.202810195953,147.94018273901,139.713774673521,143.908412962036,4953326
2022-03-02 00:00:00,140.719260847671,143.356811118664,134.657449569195,141.618181861967,3434782
2022-03-03 00:00:00,128.551974803097,134.371976357894,122.981112345608,123.960543973192,2419882
2022-03-04 00:00:00,188.533035904879,191.697282637621,188.503217041258,191.466956766806,3985978
2022-03-05 00:00:00,159.725905759701,160.043043281176,157.345864237785,157.651219554388,3282659
2022-03-06 00:00:00,127.467261041716,132.017279662558,127.043357351821,131.990319188959,4919831
2022-03-07 00:00:00,187.960329888497,189.149379898359,186.63416843273,187.377518116859,844664
2022-03-08 00:00:00,130.679795834753,137.462686572449,123.67034627898,127.605801178481,4970457
2022-03-09 00:00:00,113.850966266757,121.697711782425,112.671816873615,113.879040397765,4235512
2022-03-10 00:00:00,116.548883937592,117.836836476183,108.417288286752,108.782879051937,4028794
2022-03-11 00:00:00,173.353112319179,182.596993505766,170.720314123634,173.337004814052,3508291
2022-03-12 00:00:00,157.387526797655,160.878082632638,155.748082432665,160.784780874723,3980304
2022-03-13 00:00:00,119.149485143687,123.993460488898,112.056399901759,113.496593019089,168805
2022-03-14 00:00:00,135.718305055062,145.320578259285,132.616963232007,141.125347322889,114164
2022-03-15 00:00:00,198.341829977573,206.130690100593,189.971606712286,193.06325980367,4745884
2022-03-16 00:00:00,182.928194826235,187.787329047095,177.227945764574,177.751875599466,148740
2022-03-17 00:00:00,159.616035341989,160.028508826135,156.300057645273,158.678879947986,3471181
2022-03-18 00:00:00,114.316608186156,117.834218580107,109.842854742401,110.993811684253,3897790
2022-03-19 00:00:00,198.861791983529,203.025036438015,190.397237791527,190.820333431987,1911621
2022-03-20 00:00:00,159.874458586317,164.658291227858,158.654390159448,160.24202729791,2542245
2022-03-21 00:00:00,182.139407392592,189.383423499763,180.424840720625,184.691478989139,1567783
2022-03-22 00:00:00,172.925824296781,180.332067408358,172.353594790055,179.185262541356,3281975
2022-03-23 00:00:00,188.722900077362,194.47756981156,183.416973123973,191.794841091217,3878343
2022-03-24 00:00:00,160.402027539779,168.11484591841,152.797673107557,161.419910509797,2554524
2022-03-25 00:00:00,172.181826336515,176.512834123193,171.992280016073,172.116961155773,4616403
2022-03-26 00:00:00,192.615048229499,198.460076478794,187.944376403805,192.329049902793,988692
2022-03-27 00:00:00,176.567606361894,184.716828004821,168.012371923445,179.309532918059,715397
2022-03-28 00:00:00,194.807585238543,198.14280069001,187.23801351245,194.651977183216,3995856
2022-03-29 00:00:00,127.266960743674,129.096820345846,117.931034491863,124.526328880798,2929444
2022-03-30 00:00:00,123.322876502457,131.857680319874,117.425777590276,125.39797196175,4194740
2022-03-31 00:00:00,179.595271081722,181.87058994022,172.227787188652,179.998143065245,3674629
2022-04-01 00:00:00,157.896887467497,160.311917186503,155.720210392217,158.545906163823,911715
2022-04-02 00:00:00,169.498115661038,178.34892678839,167.020198438941,177.710073943155,2099750
2022-04-03 00:00:00,182.655888051721,185.145914855159,180.310907691628,183.001993429549,459036
2022-04-04 00:00:00,123.748373470765,124.892085535089,121.539787090371,122.845647992338,1496455
2022-04-05 00:00:00,151.141131434233,156.025395637883,147.402263819374,151.377751353198,675511
2022-04-06 00:00:00,195.121675603919,199.203233608754,189.908183913368,194.635254943926,4542029
2022-04-07 00:00:00,127.556966929605,136.644656726125,122.117691280833,135.877622389041,4429879
2022-04-08 00:00:00,101.901042714128,111.42176209246,101.558667108585,103.717267507104,4788416
2022-04-09 00:00:00,132.954211768861,136.955810438516,123.546121372167,133.937344808856,2733577
2022-04-10 00:00:00,157.993847249329,163.554677352954,157.34125880002,159.074157758767,2756664
2022-04-11 00:00:00,163.883284014723,167.554321038665,154.800911723671,167.272551048104,564979
2022-04-12 00:00:00,144.912348492052,150.694346094153,140.416038984339,142.188516261289,4072240
2022-04-13 00:00:00,147.937047750809,157.402524321453,142.533428645113,145.250697482754,1180452
2022-04-14 00:00:00,158.526638095831,159.516080727366,153.063645133308,154.939383294949,4777044
2022-04-15 00:00:00,102.364032579342,106.742968842846,101.9971371165,103.172686133287,4893276
2022-04-16 00:00:00,130.705796740171,131.179701782794,129.591560880915,130.397421643667,3058345
2022-04-17 00:00:00,101.403497391428,102.439030005361,99.7447510788105,101.022151766928,2093460
2022-04-18 00:00:00,178.316794731277,182.092389237873,174.090187981013,179.441411964515,1728594
2022-04-19 00:00:00,150.687310873016,150.934757982511,143.227039400984,149.677541979113,125881
2022-04-20 00:00:00,191.091978295196,198.326464509423,187.502157774049,191.269214453338,1530316
2022-04-21 00:00:00,129.014262236277,134.364577041092,120.118996837793,125.190387059064,2565104
2022-04-22 00:00:00,168.613746364428,172.134004506112,160.789492882938,165.940376531185,2528711
2022-04-23 00:00:00,195.376423549804,200.649918476904,193.829067218327,194.842987978657,784205
2022-04-24 00:00:00,132.259559918971,138.98559359174,127.407890117805,137.718639012507,387727
2022-04-25 00:00:00,143.873228569162,144.908344551668,142.954368576875,144.404064959434,683043
2022-04-26 00:00:00,195.825223319027,205.617189699072,188.798813414345,204.823598429406,516560
2022-04-27 00:00:00,125.54738361055,128.407132761086,124.296868693632,124.798765202525,100587
2022-04-28 00:00:00,171.933702905469,174.88011944804,166.559710776281,166.705903776239,4611146
2022-04-29 00:00:00,117.860157945673,127.79668872867,115.113216302382,119.056471664052,1939795
2022-04-30 00:00:00,113.975889514647,118.970598666312,112.042121569373,117.178668403997,537544
2022-05-01 00:00:00,144.735270502601,145.439366254019,140.448152289944,144.610935954284,2311851
2022-05-02 00:00:00,181.544419963299,185.542236408889,173.379861806119,179.411740444992,896573
2022-05-03 00:00:00,124.063218870628,131.309660811141,120.432792587079,129.59984550598,4165261
2022-05-04 00:00:00,101.412760199731,109.414894627021,100.421808431982,102.423022339336,4817973
2022-05-05 00:00:00,134.844484478284,140.747060700315,130.507519808101,138.373377192056,2763200
2022-05-06 00:00:00,163.432398306977,169.420728300892,155.773700845843,165.660595736815,2956276
2022-05-07 00:00:00,147.650115607406,155.512635102784,144.695371085305,155.312904055063,3956451
2022-05-08 00:00:00,193.040681713108,193.162135572588,188.213181960564,192.11409133119,3991377
2022-05-09 00:00:00,138.776419887977,143.894890317443,133.894863959668,141.043923090299,4389679
2022-05-10 00:00:00,122.489486918019,127.174569560111,120.311982169123,123.295783387862,1964357
2022-05-11 00:00:00,134.385336025764,135.737635528391,124.946451938103,131.662662826679,692390
2022-05-12 00:00:00,170.649102886866,177.378321768773,165.00724010283,173.797543374473,608424
2022-05-13 00:00:00,144.855413179495,145.42783478236,141.412655294059,142.63113711776,2791255
2022-05-14 00:00:00,103.478378991416,111.300986986553,99.6745443486587,107.783699110022,4398973
2022-05-15 00:00:00,148.554793717431,149.343471291192,147.32522154954,147.544708338349,2057718
2022-05-16 00:00:00,113.28545176547,113.777343567488,111.142561570762,112.170021838559,1416204
2022-05-17 00:00:00,136.405005262647,142.623943513964,133.229404403637,134.191436995727,805720
2022-05-18 00:00:00,181.938453332235,183.684772969572,175.915263483318,182.876532012201,4030439
2022-05-19 00:00:00,129.152159760773,130.933092782835,126.307190621422,130.767288003063,3776225
2022-05-20 00:00:00,113.77117296891,114.545399288501,110.824313186414,112.765095360336,4172837
2022-05-21 00:00:00,134.329396288487,141.431272873738,130.633225159357,135.720690889749,381571
2022-05-22 00:00:00,155.658205584969,156.291121842397,147.30804285979,148.844341363196,1280980
2022-05-23 00:00:00,155.34103484893,165.258864522126,147.387631663229,161.695860519031,2502937
2022-05-24 00:00:00,174.440044596858,176.827404879828,165.012519855651,167.562462627361,1186350
2022-05-25 00:00:00,106.567091999167,116.22022628328,105.885605403894,106.544271398709,2876190
2022-05-26 00:00:00,171.075590747304,174.650775019411,168.822543161139,172.821664204672,1969498
2022-05-27 00:00:00,189.690779336629,190.048909222354,185.583982515792,187.038938003295,914655
2022-05-28 00:00:00,178.06799346552,188.048719610656,175.6790180589,182.57934826249,1322911
2022-05-29 00:00:00,192.488263156919,199.11408569162,183.370564828417,197.57912102003,4999386
2022-05-30 00:00:00,163.107453903724,167.985614215105,158.22620622102,166.737038444278,2922707
2022-05-31 00:00:00,163.762789763298,164.927388655652,155.146489491652,164.494402893154,2967029
2022-06-01 00:00:00,121.614744310156,127.148736829885,121.289375751823,123.258327186924,3331033
2022-06-02 00:00:00,192.422730581684,194.761086512293,186.816711672501,191.776716962121,3828179
2022-06-03 00:00:00,198.942405270533,203.389503606486,189.396142715092,190.869795408036,1184050
2022-06-04 00:00:00,167.18086699296,171.485701509906,161.811754637958,166.172274115401,4557968
2022-06-05 00:00:00,180.511511854923,185.475529565703,178.680748194823,183.343064935902,195292
2022-06-06 00:00:00,126.865051914687,136.092187403235,125.701172723788,135.83784997395,2239892
2022-06-07 00:00:00,178.664197042323,179.468027781136,169.1371774469,173.381797350515,1791183
2022-06-08 00:00:00,118.657497905637,121.00101820138,115.078608205457,116.932766190008,1198655
2022-06-09 00:00:00,194.355437626686,201.783849503132,188.011219600662,191.434692319119,1794578
2022-06-10 00:00:00,134.834554249629,137.161657096266,129.744967733104,130.118918264618,768913
2022-06-11 00:00:00,130.291537741833,139.103649210852,129.457973312758,135.744392359574,1661037
2022-06-12 00:00:00,139.525387448345,146.642398060313,136.551557848685,138.127193846835,3416512
2022-06-13 00:00:00,170.100092872322,175.499346740749,165.705561173162,167.435799687651,2118558
2022-06-14 00:00:00,125.013828339344,133.9211895122,115.353196281626,117.11777889705,2431826
2022-06-15 00:00:00,175.285294328546,182.254925964513,168.270509828166,179.458482564934,1944942
2022-06-16 00:00:00,102.125449831078,102.30682265088,95.2932322144918,100.87818941582,900528
2022-06-17 00:00:00,111.119049463804,114.075283913366,104.01881622844,110.387192257522,578128
2022-06-18 00:00:00,150.367461728492,152.732301453233,144.055563692724,147.479939378847,4749848
2022-06-19 00:00:00,152.077844425891,161.436467286506,146.552206825363,153.452326677497,3557653
2022-06-20 00:00:00,110.538300268201,117.945542266027,103.916945370856,112.257653067441,2926262
2022-06-21 00:00:00,108.820672455025,113.309380512593,107.225096692489,111.915147951572,4548261
2022-06-22 00:00:00,186.927888277829,190.311653854052,177.450621421736,185.255140436751,2991580
2022-06-23 00:00:00,165.475663226488,172.171089010589,164.690094425573,167.824237429916,4384226
2022-06-24 00:00:00,131.787570556055,132.002444241977,130.4694777268,131.368947291962,2657870
2022-06-25 00:00:00,145.876483030242,145.970167432197,145.449770896264,145.925033808684,519181
2022-06-26 00:00:00,137.335950225992,142.017855073167,136.79893207184,136.883048781936,2315267
2022-06-27 00:00:00,142.405380404613,142.818670350431,136.039790788917,137.063799965047,565294
2022-06-28 00:00:00,151.133900537701,153.424232706476,143.036859906037,145.180664765958,1669614
2022-06-29 00:00:00,199.877378533245,202.504678459084,197.693963983176,202.160831190234,826911
2022-06-30 00:00:00,174.081715551937,181.650527600425,164.15821963886,175.655106464015,1080003
2022-07-01 00:00:00,130.898193383951,132.806460470063,123.843639353404,129.481385026314,944843
2022-07-02 00:00:00,177.720175301591,180.392660238463,173.532397470283,178.344136871028,2417720
2022-07-03 00:00:00,131.624454691858,137.696583126239,121.739730100055,137.320895373962,1635164
2022-07-04 00:00:00,172.66485421362,175.238627689495,163.401556994853,167.386183322035,1343756
2022-07-05 00:00:00,130.51976472634,137.126084600092,121.019824118917,121.544072629243,3134646
2022-07-06 00:00:00,112.854326347787,114.430343578569,108.670792793804,112.805151167537,1690177
2022-07-07 00:00:00,140.781821772707,142.27682828807,136.405403155519,140.507708055346,1406326
2022-07-08 00:00:00,107.63633327758,107.971904654526,104.208443001758,105.484755164985,1624320
2022-07-09 00:00:00,104.60492910674,112.212349025308,94.6214160911048,97.6372783079822,2194925
2022-07-10 00:00:00,165.161962412952,166.648120470269,162.150378282046,166.210144792526,4406698
2022-07-11 00:00:00,183.066437299228,186.168038427324,182.687573085767,184.964524215819,1490877
2022-07-12 00:00:00,152.067801950051,158.073579934585,148.451295152581,152.58261796512,3842594
2022-07-13 00:00:00,158.156473539319,165.680142949847,153.25168858322,158.766743100345,797152
2022-07-14 00:00:00,112.845593537681,121.546533061745,104.269051555837,111.423757640739,1891961
2022-07-15 00:00:00,179.14178684097,180.270877942267,171.821943099722,177.077483161017,3945324
2022-07-16 00:00:00,153.540732554863,163.077113972326,146.433181839321,152.2141068596,4768570
2022-07-17 00:00:00,138.617695524671,142.00066945732,138.21895182497,140.6761605695,3290111
2022-07-18 00:00:00,116.729906803313,118.861358317769,113.848294564326,116.685445389658,1920766
2022-07-19 00:00:00,175.694467987846,179.018689537902,167.251373404386,171.036382520033,2630846
2022-07-20 00:00:00,180.101855345711,185.907066134451,179.056596485464,183.858993166567,4326955
2022-07-21 00:00:00,193.418538006405,201.774388596841,192.278174355385,199.094667104306,1677381
2022-07-22 00:00:00,184.703005685312,185.6406501931,178.402556816627,180.797749901481,4009801
2022-07-23 00:00:00,101.461747010646,110.956435834499,100.63143332459,104.234034668634,2986300
2022-07-24 00:00:00,189.243456834103,189.911066214685,181.993488323868,184.523195752353,4170776
2022-07-25 00:00:00,180.047712098799,186.73700110989,171.830875632201,173.293038978048,3266443
2022-07-26 00:00:00,193.862874550296,198.513454327639,192.64427456417,196.509658294411,4012152
2022-07-27 00:00:00,176.575424319806,182.974361141459,170.473960607602,175.430830339214,940757
2022-07-28 00:00:00,185.140234398202,190.13875831375,182.333964756474,188.642432801738,4429098
2022-07-29 00:00:00,184.799804402249,189.387597680713,176.849161491448,184.09287391839,3485869
2022-07-30 00:00:00,131.817902116702,132.355150648073,129.680797148466,130.488140329618,3321520
2022-07-31 00:00:00,118.476182862095,119.190947738405,110.054959703111,115.168013970824,1915402
2022-08-01 00:00:00,181.499448764701,188.758198572313,176.84640102374,185.907739037607,4750843
2022-08-02 00:00:00,119.475862477526,125.494027359789,115.457705413154,122.068352059253,4214432
2022-08-03 00:00:00,118.976490643941,122.242083577146,115.379207632864,116.052929945002,4680696
2022-08-04 00:00:00,155.721383458703,156.441224820803,155.648536700533,156.161814279596,2142554
2022-08-05 00:00:00,166.932798264023,168.948583086831,162.967090857798,165.720274662056,4737418
2022-08-06 00:00:00,176.881144330345,177.489584650989,166.947874846739,168.702993083254,695105
2022-08-07 00:00:00,144.986330959085,146.675844152202,138.257579886204,140.980629485812,2490231
2022-08-08 00:00:00,101.727588861191,109.26176738157,97.6836533149576,98.0005989717953,154500
2022-08-09 00:00:00,175.349858957068,182.495408359559,171.310375585888,180.83601783698,3765059
2022-08-10 00:00:00,174.421988649213,179.947470737476,171.839112020037,176.107635852422,684033
2022-08-11 00:00:00,175.29048721066,180.700785344107,174.033405676097,174.321923892837,3213965
2022-08-12 00:00:00,130.184925703805,133.49617109794,129.025862828889,131.784478285401,2595885
2022-08-13 00:00:00,190.916411434878,191.149117195129,187.901104239382,191.062854340745,327693
2022-08-14 00:00:00,114.094128391381,121.270043740431,111.205941662725,113.240684192486,846224
2022-08-15 00:00:00,101.739094433944,109.908191062675,96.6245925989374,108.615835594391,1845322
2022-08-16 00:00:00,147.788122489222,156.238936123722,141.640204345246,142.978208523931,215645
2022-08-17 00:00:00,126.610633742098,128.81693602303,119.115210564094,124.851161837985,2236238
2022-08-18 00:00:00,167.44338161161,168.819395868608,159.259731193469,159.808551835216,744936
2022-08-19 00:00:00,190.291774129343,194.693601165224,182.206600448037,182.797017415269,4200532
2022-08-20 00:00:00,112.439291537182,118.640793746146,108.250693560198,111.448230387887,3087089
2022-08-21 00:00:00,152.996222535169,156.602245455493,144.288859386859,148.270198998473,487664
2022-08-22 00:00:00,189.424485649384,191.544747141314,183.764113400739,187.022956644463,1546539
2022-08-23 00:00:00,158.703147723702,165.901356850448,155.63993646307,158.808196887838,477621
2022-08-24 00:00:00,131.092431786675,134.677567620146,124.516036922349,132.759057590696,486055
2022-08-25 00:00:00,166.731775135492,166.925728831754,158.715716975872,164.342281102078,4733258
2022-08-26 00:00:00,184.703916534353,193.437346021395,184.127795914379,191.193849798388,2825421
2022-08-27 00:00:00,159.734804237506,163.592388348678,157.568784487076,162.653661646206,4630535
2022-08-28 00:00:00,196.856730227702,205.846774034748,190.100916893889,198.32662287326,4604236
2022-08-29 00:00:00,114.022594839637,115.338394564824,105.971076012215,107.120565764293,3981985
2022-08-30 00:00:00,162.774144268551,172.68820405074,159.44499943798,164.18837635014,4250230
2022-08-31 00:00:00,172.758858299636,180.894851277094,167.284415392134,178.089755208459,1573644
2022-09-01 00:00:00,133.86134120551,140.627400767706,130.737506682354,139.932361460294,1523537
2022-09-02 00:00:00,127.328967389979,134.370855038775,126.74951813889,132.586238958708,844704
2022-09-03 00:00:00,122.921319165554,127.969417559588,120.936906740152,122.98282923719,1655122
2022-09-04 00:00:00,171.49449101558,172.285465263492,165.369768143355,168.66091594175,665839
2022-09-05 00:00:00,138.061723711842,143.357911681189,135.268235650908,135.270626011564,2047422
2022-09-06 00:00:00,196.399495207026,204.205878496478,195.727232570048,198.029028204617,1403203
2022-09-07 00:00:00,165.500094089404,172.973942718267,162.922969278081,172.468561716463,2227651
2022-09-08 00:00:00,170.712692605077,172.92980848736,163.622723809685,164.076026088407,3934035
2022-09-09 00:00:00,111.823129460708,115.433645507415,107.696421700981,109.489532103479,277699
2022-09-10 00:00:00,184.701170555472,190.850907256534,178.919032861503,180.105519501022,3428354
2022-09-11 00:00:00,126.247917041913,136.129438243258,125.269694755347,131.13617794857,2529469
2022-09-12 00:00:00,142.334681511111,143.688916699133,141.247952654588,143.008554241471,3855577
2022-09-13 00:00:00,137.145613231263,145.960158800096,134.822398675664,135.372117709942,4937627
2022-09-14 00:00:00,130.319776742378,138.705625422602,129.060299807672,135.631775638086,258842
2022-09-15 00:00:00,105.288650828746,108.860391226658,104.84732469235,107.946352434169,157642
2022-09-16 00:00:00,101.348619729318,107.820264917326,91.3778520853984,106.217130359352,4029538
2022-09-17 00:00:00,193.230631206771,202.251701299542,188.942208695639,194.239487124286,3097544
2022-09-18 00:00:00,133.71387090825,141.61218028124,130.262409866725,135.998984794684,2499039
2022-09-19 00:00:00,196.230311242331,197.489488770392,188.926380191189,193.087682923806,2440285
2022-09-20 00:00:00,189.796244369389,190.332396143531,179.864689024014,186.989958164933,660929
2022-09-21 00:00:00,133.88608420537,134.416801690585,130.207163380942,130.510475463269,1224359
2022-09-22 00:00:00,177.985878633746,184.564640320407,175.837849262835,178.706302065635,1393903
2022-09-23 00:00:00,147.458015302822,151.868790393553,138.883087560597,150.051325392923,4964623
2022-09-24 00:00:00,157.324214720469,158.461566202756,151.609940457797,155.219783446007,4713080
2022-09-25 00:00:00,187.813584118164,193.29349107194,186.651089719135,193.246081363664,904766
2022-09-26 00:00:00,183.675845908274,185.685474065574,179.32126243481,179.524603309481,2019795
2022-09-27 00:00:00,162.810949545456,172.120823764429,158.560318494569,159.847296951108,909120
2022-09-28 00:00:00,179.611454627866,184.624306233873,179.064782518672,183.458667093851,692695
2022-09-29 00:00:00,110.690537800362,114.688334895046,110.20538908303,112.058524169453,1485666
2022-09-30 00:00:00,148.047912971187,149.115367855373,139.189015299233,144.333038197312,2208724
2022-10-01 00:00:00,187.495663614524,196.936966037803,184.105342512673,190.029326127581,3203093
2022-10-02 00:00:00,127.518064450954,135.127123807394,121.165325313919,132.18552807574,4769896
2022-10-03 00:00:00,134.708356714727,138.011213557527,134.206958295179,136.666083943175,128213
2022-10-04 00:00:00,184.862428023562,194.73952576388,182.847175348119,189.532513530241,1064386
2022-10-05 00:00:00,198.799957446956,200.845036216983,195.878214141466,200.437433759572,1032575
2022-10-06 00:00:00,185.646527235875,195.514639101688,182.351720131119,188.200098983783,4475112
2022-10-07 00:00:00,107.100406049726,111.52275368085,101.540061001117,104.362491022477,969413
2022-10-08 00:00:00,190.034567010027,194.966597025229,187.219168035729,188.017396001428,3480507
2022-10-09 00:00:00,161.672795450251,167.527534555928,159.337805045074,167.420540900319,1155839
2022-10-10 00:00:00,199.5868857844,199.608063218509,190.618066618797,199.571959053282,2668876
2022-10-11 00:00:00,146.626387485163,154.139824975486,140.258566913918,143.476225296186,620678
2022-10-12 00:00:00,104.077836519764,104.147950255341,102.926721647354,103.609316267933,4957301
2022-10-13 00:00:00,191.170062066088,192.221621467487,190.075748139761,190.99629788587,864209
2022-10-14 00:00:00,162.296948234053,164.373571268972,159.027522187,163.904960831297,4071138
2022-10-15 00:00:00,130.971326930632,133.997536609392,126.93113383812,127.760540376564,911303
2022-10-16 00:00:00,117.406667084064,122.523253008464,116.946095164559,121.165924541678,3880090
2022-10-17 00:00:00,116.801566828004,117.895396636155,110.040430213053,113.772572369848,1963323
2022-10-18 00:00:00,149.942669118787,149.966264449387,149.240950191243,149.494561542487,2017399
2022-10-19 00:00:00,198.284068765143,200.143316850166,197.728405682759,199.92374042903,4290536
2022-10-20 00:00:00,178.784031272585,185.484738943999,173.791538043621,175.09575496551,2034703
2022-10-21 00:00:00,113.112396448489,118.034789097119,109.547814048818,117.623577428417,1258185
2022-10-22 00:00:00,114.816594389672,116.222270536936,110.083232600213,112.708026608025,4796262
2022-10-23 00:00:00,170.570133124235,175.896364218157,168.461644267571,168.526384694376,4999101
2022-10-24 00:00:00,175.890876906594,177.249603795272,173.481285546598,175.418578760583,3561823
2022-10-25 00:00:00,163.644632607864,168.73294962034,160.006478745081,163.38189842217,4854044
2022-10-26 00:00:00,131.193619248335,134.896729234496,121.657441059027,132.375963425997,211525
2022-10-27 00:00:00,179.038365236373,181.273792907748,173.024946766499,179.641861391419,887185
2022-10-28 00:00:00,129.203695911444,134.267554062234,128.559713850543,131.890257792217,4465983
2022-10-29 00:00:00,108.598396297978,108.992836755243,108.29100363304,108.355321945698,2316813
2022-10-30 00:00:00,156.949762989246,159.52623459877,152.133774746918,152.956997205089,2893613
2022-10-31 00:00:00,197.316121906291,200.819431712055,190.381006027589,196.824693731152,2897345
2022-11-01 00:00:00,186.955106043547,196.817193639243,176.961064131212,180.231489453147,3848468
2022-11-02 00:00:00,120.089639820691,128.18489506738,110.118725582353,126.507721754886,4442512
2022-11-03 00:00:00,150.765940972584,152.297368642311,146.051949701945,147.065222557192,4019444
2022-11-04 00:00:00,147.671499260261,149.169141018721,147.364412862479,148.14002046487,1420630
2022-11-05 00:00:00,124.513557833914,124.96645956136,114.806497963815,118.791341654304,3788803
2022-11-06 00:00:00,102.866586166739,111.758951310489,101.333487102473,108.754833880458,1996508
2022-11-07 00:00:00,156.705411309407,157.599822145447,156.120758127618,156.531707050895,3929720
2022-11-08 00:00:00,138.883934968053,146.601516224676,130.031707112916,142.816901393465,1361753
2022-11-09 00:00:00,106.4320308805,109.306703331645,101.833329306087,106.137514614748,2105459
2022-11-10 00:00:00,189.88909502864,197.726791187635,180.244617294115,182.223908525803,4699240
2022-11-11 00:00:00,114.064722545052,122.594205460485,109.344895814139,111.410357631097,186944
2022-11-12 00:00:00,132.809010926797,134.364284459559,127.135931155333,129.027167459284,1596137
2022-11-13 00:00:00,137.907226195136,140.835862155685,132.471704290632,135.669193979055,4123315
2022-11-14 00:00:00,144.940792154537,150.138490484406,142.026601595668,145.485526976585,1410294
2022-11-15 00:00:00,174.207980248089,176.55901427932,173.648666576061,175.513733576039,733271
2022-11-16 00:00:00,108.211900995456,113.404151098366,99.1393955444006,108.177036076115,4803254
2022-11-17 00:00:00,113.463655888228,117.754000705315,108.599889526161,116.715881445523,4529640
2022-11-18 00:00:00,109.116171721528,110.597741870764,107.264208597787,107.439753466713,2549434
2022-11-19 00:00:00,113.930483954504,114.543906848602,104.633701502956,110.315786314618,607096
2022-11-20 00:00:00,145.319377028684,155.287490472171,136.60032070415,148.034761461071,3964582
2022-11-21 00:00:00,141.681193976718,142.95680203621,135.058695862482,136.512216755031,2343205
2022-11-22 00:00:00,144.168033948705,147.84670998172,143.449859477576,144.681664167592,1705975
2022-11-23 00:00:00,164.382293814199,173.569074133614,157.552146114721,168.798857220258,2587560
2022-11-24 00:00:00,172.863035914838,175.126624426274,164.02536679992,173.905043684326,2287577
2022-11-25 00:00:00,186.732896994519,188.588223829697,182.532675091364,184.526547341022,202325
2022-11-26 00:00:00,144.561292589578,146.191512994138,135.49667772895,137.281146664575,1321656
2022-11-27 00:00:00,130.357001038084,134.187011255806,123.561643166643,127.349239207701,4620192
2022-11-28 00:00:00,191.187991054426,191.553630574068,187.320039457477,190.8785942951,4315440
2022-11-29 00:00:00,196.134188057439,205.731756225858,192.359387296848,198.196846135675,2104474
2022-11-30 00:00:00,188.69023190127,194.271408299953,186.139782321466,192.709982284679,4928102
2022-12-01 00:00:00,129.71934225487,136.589699929218,124.031519627357,131.676221979767,3724269
2022-12-02 00:00:00,146.813682930299,149.94916660711,146.517026103544,146.909405793305,1316333
2022-12-03 00:00:00,108.557050272344,113.128801637139,104.444680259788,105.261840516464,3163321
2022-12-04 00:00:00,199.060730894646,206.088840819612,198.752001017492,204.924805005307,3904996
2022-12-05 00:00:00,141.89647536398,149.200712783414,139.586199689652,148.136340682026,1708948
2022-12-06 00:00:00,124.575454307829,132.054800006299,123.600176553664,126.607897779151,2970025
2022-12-07 00:00:00,107.993829209544,112.578943535374,100.695532269582,102.669253394883,4118311
2022-12-08 00:00:00,106.946825572471,110.274249283939,100.639837762267,107.875506403564,2537768
2022-12-09 00:00:00,175.443607391827,180.773900346939,169.341364505367,172.114816692941,3514820
2022-12-10 00:00:00,131.841159694662,139.302184758577,124.636502719679,135.374575493363,532711
2022-12-11 00:00:00,114.995490062409,115.247080520408,114.690103349909,114.995816743295,930272
2022-12-12 00:00:00,129.514198296415,136.048787696931,124.459680462779,125.820867567021,4461245
2022-12-13 00:00:00,190.049469301309,196.67339336734,182.486567430815,183.428439528186,198215
2022-12-14 00:00:00,101.057934582189,104.410078277189,95.3446766041163,97.7511138002569,247664
2022-12-15 00:00:00,101.129221300721,110.807773608465,92.1041758056445,97.3720764216684,257759
2022-12-16 00:00:00,174.102507737982,175.376207276505,167.616884181899,170.06612906763,3623007
2022-12-17 00:00:00,153.442844857516,159.932958232169,144.116724250759,154.536741347813,2963462
2022-12-18 00:00:00,109.099490868902,116.513507265158,100.819867628514,107.843837755322,1291377
2022-12-19 00:00:00,147.178523913813,153.452475165375,139.210881404313,146.935193117842,3912132
2022-12-20 00:00:00,104.520542035891,111.845402724708,103.49957916105,104.380536241391,4491897
2022-12-21 00:00:00,169.030791606553,169.687111318352,159.31103843364,162.258628560589,4534148
2022-12-22 00:00:00,153.1761662703,163.161720967691,150.217527546873,152.180418220058,3293364
2022-12-23 00:00:00,189.832266822784,195.075251269944,183.456435662993,187.182150786836,177825
2022-12-24 00:00:00,151.37235760811,156.142397396972,149.995187124859,155.884071617421,4350441
2022-12-25 00:00:00,182.86704176886,187.69670572367,175.61462243707,181.580703223693,2429336
2022-12-26 00:00:00,168.664258106807,176.033195931438,161.034993389857,162.723198155804,4745746
2022-12-27 00:00:00,151.623077254134,152.666758439005,145.052122154788,152.064994916147,1305439
2022-12-28 00:00:00,132.12118439695,136.229211667042,130.152564296512,130.185390224453,1761361
2022-12-29 00:00:00,146.953697474613,149.345425715246,142.809156899586,145.388237586103,2480974
2022-12-30 00:00:00,136.723486467888,144.310801274782,132.626170890834,140.117681939161,4072123
2022-12-31 00:00:00,198.091323183313,206.801556255422,190.86164484976,198.932486678651,4695199
2023-01-01 00:00:00,119.461598742953,121.476205800646,110.767162650848,118.994993365999,2122295
2023-01-02 00:00:00,123.500132779238,132.345153502313,116.412672459028,128.016094173762,1031417
2023-01-03 00:00:00,132.928188549371,140.209584709515,127.636755376684,133.277663927421,917374
2023-01-04 00:00:00,103.234678851005,105.189309257956,96.2703877030402,100.653537306294,1671333
2023-01-05 00:00:00,197.92904307301,204.047222376744,196.23483750143,203.44537409721,150461
2023-01-06 00:00:00,139.736988057364,143.305396440844,132.454581435712,138.049474619766,4413040
2023-01-07 00:00:00,170.93009215389,178.348191507365,169.112740864339,170.671192082749,2283426
2023-01-08 00:00:00,191.749557933832,196.035006293902,184.582104777707,193.757418219102,245596
2023-01-09 00:00:00,184.088375669102,192.126279124786,183.448798919573,185.089854580286,3900242
2023-01-10 00:00:00,140.768317519843,149.751068178207,139.54805836331,144.430476365985,1011538
2023-01-11 00:00:00,153.882690481799,158.073626631897,144.596257374973,147.996692669387,4418894
2023-01-12 00:00:00,139.757413974183,146.728483585152,139.188823015917,144.460879833796,4692448
2023-01-13 00:00:00,135.287972866172,137.599169174284,125.431215753515,127.35559000522,3388254
2023-01-14 00:00:00,115.188640643516,120.581042245814,109.35747118671,116.914223284354,3612770
2023-01-15 00:00:00,185.794475777899,193.614068538894,185.54778644253,193.527165492757,1681231
2023-01-16 00:00:00,122.892312485507,129.565342386916,115.338042182341,116.685439621886,3892612
2023-01-17 00:00:00,177.032318227361,182.315109098134,174.456818706213,180.452498010726,3459252
2023-01-18 00:00:00,142.910582887954,151.932951764933,134.282895449871,134.301504650885,1904292
2023-01-19 00:00:00,180.586483042274,189.307205299077,171.456070746408,172.11710972218,4474952
2023-01-20 00:00:00,152.779678017671,154.774214349507,151.338173733177,151.694095948353,617304
2023-01-21 00:00:00,161.450871298528,164.264412353348,161.155374311861,163.980642149086,738912
2023-01-22 00:00:00,187.644983378444,190.313082100844,178.078739927092,187.121211954669,1467692
2023-01-23 00:00:00,152.187910490647,160.967357148515,142.958629570973,155.802485964004,4146065
2023-01-24 00:00:00,151.305805103775,157.513778397834,147.590599999246,157.145780631535,2427604
2023-01-25 00:00:00,192.246097301094,202.019586462063,186.721658145717,197.702074334104,2268639
2023-01-26 00:00:00,170.224100518347,172.483953708027,166.74769575832,167.945334324247,4606566
2023-01-27 00:00:00,182.78960161145,183.784122002762,175.984525445941,179.322586271428,1045302
2023-01-28 00:00:00,100.493090590907,107.524750271971,97.2223226277565,101.585172770606,1718267
2023-01-29 00:00:00,106.808014500356,107.06988464947,103.798823242483,106.300221895598,1319613
2023-01-30 00:00:00,192.928410301528,201.799240382029,183.307824486285,198.213495536396,831384
2023-01-31 00:00:00,144.772482817803,154.54150317462,138.937016149951,143.977004434043,1896179
2023-02-01 00:00:00,123.972454835756,131.979141705724,115.131254805788,126.2733675527,2285449
2023-02-02 00:00:00,186.540805541261,196.324480577154,181.349015430971,185.59293757045,1589138
2023-02-03 00:00:00,157.93544937931,161.93498388847,149.983933745638,157.339841001282,4493529
2023-02-04 00:00:00,153.510071094695,153.863013736353,145.781221018481,150.343566714583,4131028
2023-02-05 00:00:00,156.630232207061,161.972771461427,149.747737644851,152.212177544136,2720640
2023-02-06 00:00:00,152.867378205543,161.069611847539,148.465588501574,160.301885105194,3981479
2023-02-07 00:00:00,188.46635867484,191.829320003522,183.019767229956,186.569531772318,1634302
2023-02-08 00:00:00,101.173772447035,109.497285406126,92.2298176240154,94.8098781814557,596928
2023-02-09 00:00:00,156.307459526311,156.53621738798,154.138232521855,155.823709115643,4313838
2023-02-10 00:00:00,181.284735665438,187.29291969313,174.016520113037,182.911284317957,2933641
2023-02-11 00:00:00,161.871616573525,164.493692920343,152.324413583381,159.112429671939,1781954
2023-02-12 00:00:00,100.515386471873,108.193384954407,98.5857558553133,104.804371606487,2415790
2023-02-13 00:00:00,121.026394452878,127.199235991807,112.713272979401,123.809869612006,320581
2023-02-14 00:00:00,153.61351622667,160.282026832863,145.08005571044,152.697953556308,4985887
2023-02-15 00:00:00,134.811355093226,144.148793152354,129.382296212766,136.563818031721,4372196
2023-02-16 00:00:00,101.763795974655,105.741508308472,98.1351663959332,102.185643276402,2130752
2023-02-17 00:00:00,130.40484873527,138.240912521593,127.107136270159,137.521519720495,4104845
2023-02-18 00:00:00,192.844443111735,194.592685594336,187.648490804711,193.45288595951,4927417
2023-02-19 00:00:00,176.008256243934,185.966057042706,173.67753678602,184.566350459597,1858510
2023-02-20 00:00:00,153.950548671256,156.430284940969,144.348304394601,151.664835423675,1048873
2023-02-21 00:00:00,183.174899215879,191.335538231209,180.529372425304,191.287403340227,3411051
2023-02-22 00:00:00,144.213120201883,151.995096452012,135.375402702889,147.134932845964,1533592
2023-02-23 00:00:00,176.574399674556,184.793042185394,170.857933972998,171.774160526544,3681237
2023-02-24 00:00:00,190.794009919424,197.189115220579,182.914014557408,187.534094431861,4260228
2023-02-25 00:00:00,175.673225476891,181.415221768465,167.630712231058,176.165657027364,3080718
2023-02-26 00:00:00,127.575692607104,136.836718920327,126.922633144673,135.460265586802,4594737
2023-02-27 00:00:00,136.232371913759,137.569920960567,132.111971627334,134.663498359322,2128016
2023-02-28 00:00:00,154.443595886405,160.698855608897,149.570784064426,151.011100271908,862217
2023-03-01 00:00:00,133.503136285573,138.409458380627,132.526711248155,135.874920650308,2181985
2023-03-02 00:00:00,180.145182013486,186.289225760939,175.705849042869,184.890138319968,4143167
2023-03-03 00:00:00,170.057413555663,173.559320496841,165.44105732111,168.021720026135,922869
2023-03-04 00:00:00,156.93625574348,158.531754912972,155.687933018863,155.727419543765,841618
2023-03-05 00:00:00,143.784384399183,145.338982505217,141.583061232811,141.795923649073,3217790
2023-03-06 00:00:00,127.658246372272,130.705470604773,124.066275121129,125.763098029324,3885980
2023-03-07 00:00:00,155.02287277956,159.015142234133,151.190611615409,155.314583256303,943820
2023-03-08 00:00:00,134.768233425029,138.383461391443,126.936266707387,129.61751783941,956955
2023-03-09 00:00:00,137.107406809818,143.117702610313,130.760287129982,139.105165993385,3766175
2023-03-10 00:00:00,182.599243584002,187.826100304493,176.272562478435,179.274654143213,2017759
2023-03-11 00:00:00,148.01366842862,151.554134451978,147.981514781405,148.001687909829,2322269
2023-03-12 00:00:00,130.885235050013,136.379158775938,126.343742084667,127.61482136818,792160
2023-03-13 00:00:00,146.735562668711,149.014632709511,138.867678355573,146.827944827899,3799012
2023-03-14 00:00:00,166.308256091871,170.22546665207,164.231527603386,167.864242842834,1589359
2023-03-15 00:00:00,103.401474131442,109.93124638423,100.406628632283,109.857603713425,4451348
2023-03-16 00:00:00,136.462828015275,137.378258767863,135.909502715586,136.71588298125,3426264
2023-03-17 00:00:00,154.066530531047,161.354810702958,144.648097519467,148.019544337034,4915787
2023-03-18 00:00:00,146.782838074307,155.715930471448,145.542183406715,149.665499794643,416932
2023-03-19 00:00:00,174.073891549467,182.805595679013,165.295223327823,172.068666674558,463261
2023-03-20 00:00:00,129.15311500114,136.72814477348,126.433864434782,132.319742255326,2525227
2023-03-21 00:00:00,137.517597420757,142.908373969416,129.111399811033,135.147841682079,2898284
2023-03-22 00:00:00,186.154413593495,188.924216906428,185.404134726413,187.185626934786,4391177
2023-03-23 00:00:00,172.999903624811,175.64349277257,164.876384086348,173.362461458945,2423743
2023-03-24 00:00:00,155.559196986297,159.783666511328,149.93040809406,151.463708436449,905899
2023-03-25 00:00:00,144.96272268942,152.178292199933,144.535359184952,149.27547129585,4844192
2023-03-26 00:00:00,155.934975325848,157.792974979014,153.953251816512,156.470712411101,3480346
2023-03-27 00:00:00,150.041416245418,155.755275860575,147.23787949096,152.271333619482,2606033
2023-03-28 00:00:00,153.177630388257,163.166709350307,144.47815399216,152.662247191688,3794573
2023-03-29 00:00:00,102.670840204498,105.730476595059,96.6357704915693,104.702604816038,4201954
2023-03-30 00:00:00,103.313036092098,112.66645550508,99.8211620640658,107.990660479522,1732185
2023-03-31 00:00:00,123.857581862683,126.462722441568,121.20140459805,125.878099682159,2022641
2023-04-01 00:00:00,182.148347183774,184.94533277136,173.424681586365,182.288616793089,4229817
2023-04-02 00:00:00,162.843752705206,163.183069441146,160.932219716112,161.792934656383,4665521
2023-04-03 00:00:00,107.726554395544,110.719543272104,102.251573783863,105.108585099339,2253275
2023-04-04 00:00:00,149.699322488084,151.610119149305,145.821474762171,149.958785188885,4564322
2023-04-05 00:00:00,151.387692726286,160.043095902093,144.220170768877,154.999831270072,4900479
2023-04-06 00:00:00,151.262860792053,159.467519175797,145.125769870017,158.369082415636,3066831
2023-04-07 00:00:00,169.578704144167,171.906551810491,162.698887908591,169.3107331832,4298882
2023-04-08 00:00:00,169.298400995991,170.379618288448,159.596867353837,160.187254288617,1592178
2023-04-09 00:00:00,191.508925875194,193.479092330049,185.533218610845,191.319025068283,1955563
2023-04-10 00:00:00,174.265599145506,174.723032437939,173.504276379974,174.588847103296,4151098
2023-04-11 00:00:00,151.634057619053,160.668835914534,149.462246295055,156.722215448183,3730967
2023-04-12 00:00:00,181.966303974321,184.503922702571,181.313577055978,181.977776370691,588779
2023-04-13 00:00:00,102.82382197613,109.899327158304,99.2016285367359,102.222140867224,4767561
2023-04-14 00:00:00,131.708540837393,133.299379533472,125.905680556189,132.910551866143,3287853
2023-04-15 00:00:00,129.515405982314,130.608564473665,128.213499203261,128.739619543617,2107506
2023-04-16 00:00:00,152.578586997124,153.213027857438,147.655731171356,152.464664651819,626453
2023-04-17 00:00:00,159.083121242827,168.55284889662,152.69139137481,155.074610528093,105980
2023-04-18 00:00:00,168.11140227815,173.349720178529,159.679188185593,168.764256891921,4324534
2023-04-19 00:00:00,165.789448291752,173.804077107485,159.727063689875,161.607470469859,1874798
2023-04-20 00:00:00,194.956298444255,195.494720158415,191.615721451527,194.871355555198,1816989
2023-04-21 00:00:00,173.346278157204,175.26626301579,165.082792369158,168.445111544862,1096024
2023-04-22 00:00:00,135.978319033043,140.248195805166,126.535343266877,131.058950071841,1809529
2023-04-23 00:00:00,137.273237132713,147.230489160825,134.63137169627,135.796126758301,4657848
2023-04-24 00:00:00,185.745882952241,189.541332919258,178.560543089735,185.774713748923,1019656
2023-04-25 00:00:00,185.917604114593,193.97114051081,181.871309507738,191.10080345823,1670959
2023-04-26 00:00:00,123.301094287429,132.094590385297,119.767221151451,131.609286922849,3178560
2023-04-27 00:00:00,163.910438824298,171.886120058383,162.959856673187,169.995448067106,1334741
2023-04-28 00:00:00,179.669340426262,182.206565287691,170.534227123597,177.80641599618,4591004
2023-04-29 00:00:00,146.146566029066,151.072242503862,137.208878769873,139.217913203815,3488274
2023-04-30 00:00:00,144.202883026882,145.120443012705,142.825234622456,143.261110244685,717595
2023-05-01 00:00:00,138.672594259757,143.540716919868,134.602900044758,139.003067118238,1145998
2023-05-02 00:00:00,154.638534982015,155.922155063939,152.892132343644,154.515244090259,1369723
2023-05-03 00:00:00,179.759585462922,181.055552768634,176.360716727287,180.237921551374,4399143
2023-05-04 00:00:00,100.320655836644,103.985022470272,100.096121978439,101.80368585329,2079953
2023-05-05 00:00:00,167.535552158993,167.89675406209,161.975628146636,166.634357248263,296623
2023-05-06 00:00:00,140.366135589241,145.203185187323,131.288969047718,133.409557840944,2958043
2023-05-07 00:00:00,197.280339881787,200.038051494159,194.257283679845,199.315958455906,516120
2023-05-08 00:00:00,167.811007265738,177.489788697802,160.379815280697,173.445102052461,1331749
2023-05-09 00:00:00,136.883515279159,146.169275868732,128.495722555489,139.004369747847,2595573
2023-05-10 00:00:00,161.528481713492,164.55258366203,157.753213132482,163.661886209748,2425348
2023-05-11 00:00:00,168.576520553102,169.269740262202,159.448623664642,167.748735935467,3559080
2023-05-12 00:00:00,198.810895996211,201.551075784192,191.062020631335,197.196611173896,4547691
2023-05-13 00:00:00,123.731321060544,128.946872165548,116.197606890356,120.081773054897,1144067
2023-05-14 00:00:00,103.672737371665,109.751046053655,99.5393218768561,99.8541710186652,4375368
2023-05-15 00:00:00,109.208502271993,115.531992946473,107.381026397302,110.561207199885,1911019
2023-05-16 00:00:00,105.689500316261,108.221489986928,105.342780873138,105.83699540916,841057
2023-05-17 00:00:00,179.583306336784,183.337455221088,177.550318501278,182.25091517005,1652044
2023-05-18 00:00:00,180.497456319717,187.584196929416,178.501520895588,181.761644168053,1669152
2023-05-19 00:00:00,132.854667309181,139.649981431641,128.215457210977,138.683467128917,255460
2023-05-20 00:00:00,174.360930438246,179.617415565576,171.430806924619,172.448080874807,2465580
2023-05-21 00:00:00,176.557068689963,183.589238668723,174.091149961578,182.938019518278,4986397
2023-05-22 00:00:00,165.379670029217,173.509901720541,164.631747538768,171.99525431728,1067773
2023-05-23 00:00:00,164.652603497079,167.219405167898,159.020947784034,162.468713439642,2035160
2023-05-24 00:00:00,194.664564833817,197.407789026929,185.460406268135,193.396701805027,4026935
2023-05-25 00:00:00,198.348453257911,204.56485319479,193.576975017463,201.02754865715,530116
2023-05-26 00:00:00,123.480574654186,131.053835390077,121.265359251348,124.699126712534,1919604
2023-05-27 00:00:00,110.419508244743,115.949704209871,109.927698241135,115.329569132403,2445900
2023-05-28 00:00:00,108.530671592723,115.228529202292,107.281161214207,110.263664286344,3195486
2023-05-29 00:00:00,142.041555783947,149.599270191167,132.305422516683,136.357053170351,2432540
2023-05-30 00:00:00,119.543174883481,126.872098734422,111.498294914269,123.462411784994,1742705
2023-05-31 00:00:00,121.511542707628,126.782795656836,113.416904152856,114.97364789057,4666253
2023-06-01 00:00:00,165.497509455713,165.566721651302,159.194019619923,163.940802653176,1139382
2023-06-02 00:00:00,189.393994986824,193.111168324976,188.713979118089,190.43388414237,3760446
2023-06-03 00:00:00,196.268072378194,197.318829519733,194.778343840924,195.706172712938,2155792
2023-06-04 00:00:00,167.484307647513,174.382387464636,157.890219183757,173.265398653722,4989239
2023-06-05 00:00:00,198.871009043965,199.92480187669,189.844855304331,198.521520041698,1121659
2023-06-06 00:00:00,103.648512586142,111.229602271071,100.119585835684,104.509488732008,2650052
2023-06-07 00:00:00,195.133732565473,195.399414087735,185.306517663837,185.870854015775,3305589
2023-06-08 00:00:00,111.418262541403,117.857760223574,106.052817555417,109.787318893864,2535048
2023-06-09 00:00:00,193.228610061152,201.652498381287,191.014316714207,198.456985298224,4816184
2023-06-10 00:00:00,110.166868321357,111.042430461288,107.014216237803,109.959113611692,4124454
2023-06-11 00:00:00,191.724504198113,194.702746427171,189.069670622877,194.382980599619,1087870
2023-06-12 00:00:00,151.474298858621,160.182052074067,146.938454679086,150.294470680592,1800720
2023-06-13 00:00:00,128.427384376078,136.207324162875,121.299137878108,132.279188316834,4438205
2023-06-14 00:00:00,151.651908452802,153.142133329082,142.462776312815,150.788145113748,2295615
2023-06-15 00:00:00,199.817667227936,209.0095142516,198.533064848165,202.220411345236,2514065
2023-06-16 00:00:00,135.233763249716,141.535436171144,133.903875175831,137.210819874394,2171126
2023-06-17 00:00:00,127.871117907435,127.994756784374,120.191469419395,126.64384868176,187057
2023-06-18 00:00:00,198.703336375325,205.497652424508,198.115725017758,204.109361274731,3254551
2023-06-19 00:00:00,164.712237768318,166.994613540555,157.055347255622,164.477721787775,4636140
2023-06-20 00:00:00,122.374546407952,124.519819687777,118.05435810275,123.370440788309,3530527
2023-06-21 00:00:00,129.400843189912,131.033916620345,126.96947665829,129.139034422952,1527431
2023-06-22 00:00:00,141.044460524389,148.88530433538,135.056637547676,135.383806456542,552772
2023-06-23 00:00:00,155.385266968516,163.178824505382,153.475857062461,158.92413112427,3694909
2023-06-24 00:00:00,179.520414035518,180.721552604868,173.733897322544,176.451119124679,4405737
2023-06-25 00:00:00,183.01318743625,190.190829808859,180.917767691016,181.832259549721,3226194
2023-06-26 00:00:00,167.769555971385,171.65631240204,162.030931374507,169.520006769992,3650388
2023-06-27 00:00:00,119.283062366452,128.589818111438,112.696606252497,121.224244965989,786554
2023-06-28 00:00:00,173.075046901663,178.478158475834,172.416605511189,175.639855871171,568646
2023-06-29 00:00:00,160.450281219278,161.425526298925,160.107638393056,160.863948933539,3401754
2023-06-30 00:00:00,104.098574408667,106.184500620617,97.4285188278148,100.526984985327,2816677
2023-07-01 00:00:00,147.377514876726,147.701541252116,140.839016504652,147.599634365025,1611922
2023-07-02 00:00:00,156.337280788108,159.462861960057,147.795179237917,156.197344780068,4595296
2023-07-03 00:00:00,141.916502925821,144.963727982201,140.166503555961,143.287084168855,519586
2023-07-04 00:00:00,177.72188963987,180.209576944643,174.615169951744,176.403866731096,348168
2023-07-05 00:00:00,161.823374353294,171.809014816574,160.549164025385,162.584124655314,4179648
2023-07-06 00:00:00,109.107459416558,115.99238319755,104.651823266615,107.552039684477,2557951
2023-07-07 00:00:00,111.679143676999,113.004738015304,103.226233032802,106.75249471054,4128010
2023-07-08 00:00:00,145.64944994232,151.193809129563,139.438475269155,146.231907932685,581567
2023-07-09 00:00:00,104.541582640339,110.590282026711,98.2079222562507,108.388523091846,2089104
2023-07-10 00:00:00,170.575182537507,170.817508456322,170.005206320696,170.764324518911,3190505
2023-07-11 00:00:00,146.279081953691,149.029989269788,136.638101772295,140.804526868531,1510384
2023-07-12 00:00:00,165.832567698439,174.174380991102,161.115639784455,170.277779448445,3602882
2023-07-13 00:00:00,111.220308984279,121.194839253889,105.71330174353,114.078203841026,4562096
2023-07-14 00:00:00,190.903300450011,199.084992392231,183.670912288301,184.33056739112,2510769
2023-07-15 00:00:00,138.613517450196,148.578320386526,130.22841931791,143.468136572841,4039391
2023-07-16 00:00:00,121.446571662442,130.858761594152,116.82389667773,122.130132101215,524705
2023-07-17 00:00:00,188.971978238447,191.702321062352,187.957346472012,188.188741086045,4214115
2023-07-18 00:00:00,110.862480986791,116.4775204958,102.187375089447,108.741164161705,1365217
2023-07-19 00:00:00,185.084756140063,187.046941005283,179.761122166988,182.929925753539,1540374
2023-07-20 00:00:00,151.799532934408,152.543316478141,148.191631118551,151.610630301907,3136110
2023-07-21 00:00:00,161.245557355927,162.223262473614,156.415143760309,160.137181350132,4007883
2023-07-22 00:00:00,196.6486264532,204.003916404374,196.203783159449,199.462899262285,1268629
2023-07-23 00:00:00,125.967972222611,130.981424678779,122.287552135973,123.197755713244,3501404
2023-07-24 00:00:00,108.037847023496,111.955074680899,104.97475279503,107.521456580222,1047257
2023-07-25 00:00:00,179.733152802679,185.2844819795,170.593782096357,172.660061415266,2655512
2023-07-26 00:00:00,140.027522412071,140.187497024718,137.764999344353,137.955178876302,3827621
2023-07-27 00:00:00,160.831575526505,162.323141386081,153.060977349617,153.937697966904,4828909
2023-07-28 00:00:00,143.348002758464,143.415930885249,135.545796303585,141.874383174223,3413550
2023-07-29 00:00:00,125.064325819928,132.844638989003,115.310815929248,129.832406981691,4907328
2023-07-30 00:00:00,180.202045016437,180.315072708314,178.79326355149,179.908584722958,4749876
2023-07-31 00:00:00,127.517448196453,128.05574661511,121.299385017428,122.825815280322,1980347
2023-08-01 00:00:00,152.353834245915,153.62968627194,147.777617196327,153.327506048118,596414
2023-08-02 00:00:00,107.136696385057,117.13353532167,101.941094336828,115.790426510858,3259339
2023-08-03 00:00:00,194.769301261165,197.824329270499,185.665296211486,191.660570763331,4591454
2023-08-04 00:00:00,129.468775506001,138.709723766826,129.08523393731,137.498775398715,2304126
2023-08-05 00:00:00,123.896354845157,125.786247171327,117.847021215174,119.459829912555,132693
2023-08-06 00:00:00,181.228002957323,188.799766819589,181.080432956857,185.705287853581,3219642
2023-08-07 00:00:00,124.80630832235,129.285665110949,118.436086216712,119.548041352795,406351
2023-08-08 00:00:00,117.134923760992,125.354646946032,110.373167194667,114.515327607298,3619707
2023-08-09 00:00:00,114.573795529586,123.245954826859,109.81806926129,111.087616809016,4870957
2023-08-10 00:00:00,108.591442519259,114.742293418567,99.1787071605893,105.980199936164,2815073
2023-08-11 00:00:00,158.853478066795,161.287906031809,152.039472615414,156.879112309201,3287767
2023-08-12 00:00:00,152.405769788464,156.723465606347,152.177499223297,154.122565910602,4028653
2023-08-13 00:00:00,159.115738793224,163.315917418585,155.312414698771,159.33817552853,162199
2023-08-14 00:00:00,191.284375362808,192.754651881814,182.762724844355,189.490101396271,3548380
2023-08-15 00:00:00,116.606101006277,125.329419384484,109.854238296059,118.83072805783,4681825
2023-08-16 00:00:00,172.715683273957,173.678778680641,164.293189652885,169.944985512061,2080860
2023-08-17 00:00:00,184.445836499213,193.322898734783,184.325980515904,193.004005744542,617832
2023-08-18 00:00:00,149.345332012226,154.885436763528,141.809746611917,144.455756834212,546220
2023-08-19 00:00:00,193.914750575328,201.646722955466,192.713779489535,201.469667245507,2261354
2023-08-20 00:00:00,196.018057972297,198.096586885257,186.283203126872,195.443392214362,2749934
2023-08-21 00:00:00,155.717019330492,162.973162749703,149.041749335978,159.053047923575,3002249
2023-08-22 00:00:00,190.689245268292,190.974916617221,183.812236759164,190.642731125306,3365521
2023-08-23 00:00:00,121.812051393974,126.348516389632,113.668662863532,118.505165895759,1595205
2023-08-24 00:00:00,182.021420173496,187.679624854787,179.93076726502,185.908643176808,449398
2023-08-25 00:00:00,102.539610950382,110.672416450342,102.431176085581,103.60765732092,3560412
2023-08-26 00:00:00,195.939710220952,196.893104682881,189.188185730668,190.871737261107,4851664
2023-08-27 00:00:00,128.60165312728,134.840239439445,126.245838746453,133.304547136277,4123600
2023-08-28 00:00:00,131.87781299279,136.723954378784,131.296927946212,135.252792185358,1196848
2023-08-29 00:00:00,195.767155994454,202.032658527737,190.673114998828,194.213833438068,4367134
2023-08-30 00:00:00,164.625539048521,170.558219282924,155.004290387532,167.233806393161,2136509
2023-08-31 00:00:00,169.785416056979,171.782139634327,164.333005227624,164.428768116385,4291641
2023-09-01 00:00:00,197.837578266091,200.605191824194,192.801236513028,197.400479360063,2449828
2023-09-02 00:00:00,152.480646281375,156.800239502369,146.967973953312,151.639423128606,4139482
2023-09-03 00:00:00,166.115350471185,170.507738339717,162.749319263049,166.669443893715,1098389
2023-09-04 00:00:00,180.683518444367,187.836452155605,179.799502101823,183.327349497474,1744037
2023-09-05 00:00:00,170.723208900185,175.67847102273,163.293402659209,170.11784236866,827260
2023-09-06 00:00:00,142.966936888081,151.610075878799,141.942149475856,146.377859680747,1169666
2023-09-07 00:00:00,114.668479402659,115.481554874964,105.736045902336,108.799757154417,2123923
2023-09-08 00:00:00,123.769915286204,127.212052756627,122.269996229395,123.961816287228,3256265
2023-09-09 00:00:00,150.402871955776,153.123224752502,146.488821119716,153.103053522093,4112143
2023-09-10 00:00:00,106.43626900764,106.853798048055,104.488648632477,105.860265942059,2285909
2023-09-11 00:00:00,125.371152155794,125.99094929265,121.769803568726,123.359771768574,3129288
2023-09-12 00:00:00,110.720469448107,116.911483787747,110.309070168716,116.719158966584,2574202
2023-09-13 00:00:00,183.892488169638,183.993285695761,183.298995259336,183.918853924286,610358
2023-09-14 00:00:00,156.148090542011,166.06684314158,150.367499145527,159.392312464079,2872500
2023-09-15 00:00:00,156.635400878341,163.563094521922,153.694561234192,159.84262619612,4377579
2023-09-16 00:00:00,113.642078813645,116.786705874837,107.259074900417,115.481544501157,3969869
2023-09-17 00:00:00,105.155631652056,107.349580160851,100.455290703235,104.040545754918,1019476
2023-09-18 00:00:00,119.002413678985,125.016507534674,110.147903264317,118.766473562152,203703
2023-09-19 00:00:00,199.042551272255,207.4657645565,196.753771303019,201.295323959438,2908014
2023-09-20 00:00:00,123.866061459305,133.475681947678,118.690166158088,129.161521363962,1480480
2023-09-21 00:00:00,117.928909672953,120.237760200784,114.321827934572,117.220590005994,1836675
2023-09-22 00:00:00,100.827058252411,105.600808288993,99.2180756307891,100.652264116871,3082758
2023-09-23 00:00:00,150.627142673744,153.252230227757,149.823830327154,151.394195278745,930674
2023-09-24 00:00:00,115.485267554164,121.992011197439,109.331899959995,115.517346198588,1181280
2023-09-25 00:00:00,184.084753053987,186.577373729061,179.016709220642,180.916828901064,4523239
2023-09-26 00:00:00,124.27466885416,126.458604183139,121.177750155188,121.579720187833,4336477
2023-09-27 00:00:00,166.630077410953,170.32290639326,166.342820736639,169.612579257459,3608507
